url,status,redirect_target,indexable,robots,canonical,sitemap,inlinks,h1_count,title,description,html_lang,rendered_checked,issues,evidence_type,collected_at,normalized_path,h1,visible_language,content_purpose,inlink_urls,final_status,redirect_chain,discovery_type,gsc_metrics,backlink_metrics,professional_client_review,loss_risk
https://optidigitalagent.github.io/dentix-booking-demo/,200,,false: intentional preview noindex,"noindex,nofollow,noarchive",MISSING,HTTP_404 at preview sitemap.xml,UNKNOWN,0,DENTIX — client demo,Demo-oriented in source index.html,uk,true,Source H1 count is initial HTML only; rendered H1 count 1,HTTP source + read-only DOM,2026-09-08T11:28:45.759619+00:00,,,,,,,,,,,,
https://optidigitalagent.github.io/dentix-booking-demo/price.html,200,,false: intentional preview noindex,"noindex,nofollow,noarchive",MISSING,HTTP_404 at preview sitemap.xml,UNKNOWN,0,DENTIX — client demo,Demo-oriented in source index.html,uk,true,Source H1 count is initial HTML only; rendered H1 count 1,HTTP source + read-only DOM,2026-09-08T11:28:46.377113+00:00,,,,,,,,,,,,
https://optidigitalagent.github.io/dentix-booking-demo/robots.txt,404,,false: intentional preview noindex,"noindex,nofollow,noarchive",MISSING,HTTP_404 at preview sitemap.xml,UNKNOWN,0,DENTIX — client demo,Demo-oriented in source index.html,uk,false,HTTP sample only,HTTP source,2026-09-08T11:28:46.637965+00:00,,,,,,,,,,,,
https://optidigitalagent.github.io/dentix-booking-demo/sitemap.xml,404,,false: intentional preview noindex,"noindex,nofollow,noarchive",MISSING,HTTP_404 at preview sitemap.xml,UNKNOWN,0,DENTIX — client demo,Demo-oriented in source index.html,uk,false,HTTP sample only,HTTP source,2026-09-08T11:28:46.907169+00:00,,,,,,,,,,,,
https://optidigitalagent.github.io/dentix-booking-demo/,200 (loopback local artifact only),,false: preview noindex,"noindex,nofollow,noarchive",NONE intentional,NONE intentional preview,Local internal-link assertions PASS,1,Стоматологія DENTIX у Дніпрі — послуги та контакти — попередній перегляд,"Попередній перегляд сайту DENTIX. Стоматологічна клініка DENTIX у Дніпрі: терапія, хірургія та імплантація. Перегляньте послуги й контакти та зателефонуйте для уточнення візиту.",uk,true,IMPLEMENTED_LOCALLY; NOT_PUBLISHED; future public HTTP must be verified,LOCAL_ARTIFACT preview/index.html; browser_qa.json; html_head_assertions.json,2026-09-08T19:44:33.788945+00:00,,,,,,,,,,,,
https://optidigitalagent.github.io/dentix-booking-demo/price.html,200 (loopback local artifact only),,false: preview noindex,"noindex,nofollow,noarchive",NONE intentional,NONE intentional preview,Local internal-link assertions PASS,1,Ціни на стоматологічні послуги у Дніпрі — DENTIX — попередній перегляд,Попередній перегляд сайту DENTIX. Прайс DENTIX у Дніпрі за напрямками стоматології. Остаточну вартість та індивідуальний план підтверджує клініка. Уточніть деталі телефоном.,uk,true,IMPLEMENTED_LOCALLY; NOT_PUBLISHED; future public HTTP must be verified,LOCAL_ARTIFACT preview/price.html; browser_qa.json; html_head_assertions.json,2026-09-08T19:44:33.788945+00:00,,,,,,,,,,,,
https://dentix.ua/robots.txt,200,,NOT_APPLICABLE resource,,,not listed in observed sitemaps,0,0,,,,False,,GET HTTP source,2026-09-12T11:58:07Z,/robots.txt,,NOT_APPLICABLE,control,,200,[],sitemap/anchor/head-alternate/media,ACCESS_BLOCKED,UNKNOWN,hosting owner,Unmeasured legacy access/link loss
https://dentix.ua/,200,,eligible by observed HTTP/directives; Google indexation UNKNOWN,max-image-preview:large,https://dentix.ua/,listed,8,0,DENTIX — Стоматологія,,ru-RU,True,Source language mismatch; H1 absent,GET HTTP source; Chrome DOM headings/navigation parity,2026-09-12T11:58:08Z,/,,uk visible main copy; html ru-RU,content,https://dentix.ua/ | https://dentix.ua/2021/04/08/privet-mir/ | https://dentix.ua/author/newdentix/ | https://dentix.ua/category/bez-rubriki/ | https://dentix.ua/otzyivyi/ | https://dentix.ua/sayt-nahoditsya-na-tehnicheskom-obsluzh/ | https://dentix.ua/sitemap_index.xml | https://dentix.ua/wp-sitemap-posts-page-1.xml,200,[],sitemap/anchor/head-alternate/media,ACCESS_BLOCKED,UNKNOWN,client + qualified dental reviewer,Loss of existing service/brand landing page and unknown search/link signals
https://dentix.ua/wp-sitemap.xml,200,,NOT_APPLICABLE resource,,,not listed in observed sitemaps,1,0,,,,False,,GET HTTP source,2026-09-12T11:58:10Z,/wp-sitemap.xml,,NOT_APPLICABLE,control,https://dentix.ua/robots.txt,200,[],sitemap/anchor/head-alternate/media,ACCESS_BLOCKED,UNKNOWN,hosting owner,Unmeasured legacy access/link loss
https://dentix.ua/sitemap.xml,302,https://dentix.ua/wp-sitemap.xml,NOT_APPLICABLE resource,,,not listed in observed sitemaps,0,0,,,,False,,GET HTTP source,2026-09-12T11:58:11Z,/sitemap.xml,,NOT_APPLICABLE,control,,200,"[{""from"": ""https://dentix.ua/sitemap.xml"", ""status"": 302, ""to"": ""https://dentix.ua/wp-sitemap.xml""}]",sitemap/anchor/head-alternate/media,ACCESS_BLOCKED,UNKNOWN,hosting owner,Unmeasured legacy access/link loss
https://dentix.ua/sitemap_index.xml,404,,NOT_APPLICABLE resource,max-image-preview:large,,not listed in observed sitemaps,1,1,Страница не найдена — DENTIX,,ru-RU,False,,GET HTTP source,2026-09-12T11:58:13Z,/sitemap_index.xml,Тут ничего нет,ru-RU,control,https://dentix.ua/sitemap_index.xml,404,[],explicit probe,ACCESS_BLOCKED,UNKNOWN,hosting owner,Unmeasured legacy access/link loss
https://dentix.ua/implantatsiya/,200,,eligible by observed HTTP/directives; Google indexation UNKNOWN,max-image-preview:large,https://dentix.ua/implantatsiya/,listed,5,0,Імплантація — DENTIX,,ru-RU,False,Source language mismatch; H1 absent,GET HTTP source,2026-09-12T11:58:13Z,/implantatsiya/,,uk visible main copy; html ru-RU,content,https://dentix.ua/ | https://dentix.ua/implantatsiya/ | https://dentix.ua/lechenie-pod-mikroskopom/ | https://dentix.ua/protezirovanie/ | https://dentix.ua/wp-sitemap-posts-page-1.xml,200,[],sitemap/anchor/head-alternate/media,ACCESS_BLOCKED,UNKNOWN,client + qualified dental reviewer,Loss of existing service/brand landing page and unknown search/link signals
https://dentix.ua/protezirovanie/,200,,eligible by observed HTTP/directives; Google indexation UNKNOWN,max-image-preview:large,https://dentix.ua/protezirovanie/,listed,5,0,Протезування — DENTIX,,ru-RU,False,Source language mismatch; H1 absent,GET HTTP source,2026-09-12T11:58:15Z,/protezirovanie/,,uk visible main copy; html ru-RU,content,https://dentix.ua/ | https://dentix.ua/implantatsiya/ | https://dentix.ua/lechenie-pod-mikroskopom/ | https://dentix.ua/protezirovanie/ | https://dentix.ua/wp-sitemap-posts-page-1.xml,200,[],sitemap/anchor/head-alternate/media,ACCESS_BLOCKED,UNKNOWN,client + qualified dental reviewer,Loss of existing service/brand landing page and unknown search/link signals
https://dentix.ua/lechenie-pod-mikroskopom/,200,,eligible by observed HTTP/directives; Google indexation UNKNOWN,max-image-preview:large,https://dentix.ua/lechenie-pod-mikroskopom/,listed,5,0,Лікування під мікроскопом — DENTIX,,ru-RU,False,Source language mismatch; H1 absent,GET HTTP source,2026-09-12T11:58:16Z,/lechenie-pod-mikroskopom/,,uk visible main copy; html ru-RU,content,https://dentix.ua/ | https://dentix.ua/implantatsiya/ | https://dentix.ua/lechenie-pod-mikroskopom/ | https://dentix.ua/protezirovanie/ | https://dentix.ua/wp-sitemap-posts-page-1.xml,200,[],sitemap/anchor/head-alternate/media,ACCESS_BLOCKED,UNKNOWN,client + qualified dental reviewer,Loss of existing service/brand landing page and unknown search/link signals
https://dentix.ua/wp-sitemap-posts-post-1.xml,200,,NOT_APPLICABLE resource,,,listed,2,0,,,,False,,GET HTTP source,2026-09-12T11:58:18Z,/wp-sitemap-posts-post-1.xml,,NOT_APPLICABLE,control,https://dentix.ua/sitemap.xml | https://dentix.ua/wp-sitemap.xml,200,[],sitemap/anchor/head-alternate/media,ACCESS_BLOCKED,UNKNOWN,hosting owner,Unmeasured legacy access/link loss
https://dentix.ua/wp-sitemap-posts-page-1.xml,200,,NOT_APPLICABLE resource,,,listed,2,0,,,,False,,GET HTTP source,2026-09-12T11:58:18Z,/wp-sitemap-posts-page-1.xml,,NOT_APPLICABLE,control,https://dentix.ua/sitemap.xml | https://dentix.ua/wp-sitemap.xml,200,[],sitemap/anchor/head-alternate/media,ACCESS_BLOCKED,UNKNOWN,hosting owner,Unmeasured legacy access/link loss
https://dentix.ua/wp-sitemap-taxonomies-category-1.xml,200,,NOT_APPLICABLE resource,,,listed,2,0,,,,False,,GET HTTP source,2026-09-12T11:58:19Z,/wp-sitemap-taxonomies-category-1.xml,,NOT_APPLICABLE,control,https://dentix.ua/sitemap.xml | https://dentix.ua/wp-sitemap.xml,200,[],sitemap/anchor/head-alternate/media,ACCESS_BLOCKED,UNKNOWN,hosting owner,Unmeasured legacy access/link loss
https://dentix.ua/wp-sitemap-users-1.xml,200,,NOT_APPLICABLE resource,,,listed,2,0,,,,False,,GET HTTP source,2026-09-12T11:58:20Z,/wp-sitemap-users-1.xml,,NOT_APPLICABLE,control,https://dentix.ua/sitemap.xml | https://dentix.ua/wp-sitemap.xml,200,[],sitemap/anchor/head-alternate/media,ACCESS_BLOCKED,UNKNOWN,hosting owner,Unmeasured legacy access/link loss
https://dentix.ua/2021/04/08/privet-mir/,200,,eligible by observed HTTP/directives; Google indexation UNKNOWN,max-image-preview:large,https://dentix.ua/2021/04/08/privet-mir/,listed,4,1,Комментарии — DENTIX,,ru-RU,False,,GET HTTP source,2026-09-12T11:58:21Z,/2021/04/08/privet-mir/,Комментарии,ru-RU,content,https://dentix.ua/2021/04/08/privet-mir/ | https://dentix.ua/author/newdentix/ | https://dentix.ua/category/bez-rubriki/ | https://dentix.ua/wp-sitemap-posts-post-1.xml,200,[],sitemap/anchor/head-alternate/media,ACCESS_BLOCKED,UNKNOWN,client,Unmeasured legacy access/link loss
https://dentix.ua/sayt-nahoditsya-na-tehnicheskom-obsluzh/,200,,eligible by observed HTTP/directives; Google indexation UNKNOWN,max-image-preview:large,https://dentix.ua/sayt-nahoditsya-na-tehnicheskom-obsluzh/,listed,2,1,Техническое обслуживание. — DENTIX,,ru-RU,False,,GET HTTP source,2026-09-12T11:58:22Z,/sayt-nahoditsya-na-tehnicheskom-obsluzh/,Техническое обслуживание.,ru-RU,content,https://dentix.ua/sayt-nahoditsya-na-tehnicheskom-obsluzh/ | https://dentix.ua/wp-sitemap-posts-page-1.xml,200,[],sitemap/anchor/head-alternate/media,ACCESS_BLOCKED,UNKNOWN,client,Unknown historical links; no organic-loss estimate
https://dentix.ua/otzyivyi/,200,,eligible by observed HTTP/directives; Google indexation UNKNOWN,max-image-preview:large,https://dentix.ua/otzyivyi/,listed,2,1,Отзывы — DENTIX,,ru-RU,False,,GET HTTP source,2026-09-12T11:58:23Z,/otzyivyi/,Отзывы,ru-RU,content,https://dentix.ua/otzyivyi/ | https://dentix.ua/wp-sitemap-posts-page-1.xml,200,[],sitemap/anchor/head-alternate/media,ACCESS_BLOCKED,UNKNOWN,client,Unmeasured legacy access/link loss
https://dentix.ua/category/bez-rubriki/,200,,eligible by observed HTTP/directives; Google indexation UNKNOWN,max-image-preview:large,,listed,4,1,Без рубрики — DENTIX,,ru-RU,False,,GET HTTP source,2026-09-12T11:58:24Z,/category/bez-rubriki/,Рубрика: Без рубрики,ru-RU,content,https://dentix.ua/2021/04/08/privet-mir/ | https://dentix.ua/author/newdentix/ | https://dentix.ua/category/bez-rubriki/ | https://dentix.ua/wp-sitemap-taxonomies-category-1.xml,200,[],sitemap/anchor/head-alternate/media,ACCESS_BLOCKED,UNKNOWN,client,Unmeasured legacy access/link loss
https://dentix.ua/author/newdentix/,200,,eligible by observed HTTP/directives; Google indexation UNKNOWN,max-image-preview:large,,listed,3,1,newdentix — DENTIX,,ru-RU,False,,GET HTTP source,2026-09-12T11:58:25Z,/author/newdentix/,Автор: newdentix,ru-RU,content,https://dentix.ua/2021/04/08/privet-mir/ | https://dentix.ua/author/newdentix/ | https://dentix.ua/wp-sitemap-users-1.xml,200,[],sitemap/anchor/head-alternate/media,ACCESS_BLOCKED,UNKNOWN,client,Unmeasured legacy access/link loss
https://dentix.ua/2021/04/08/privet-mir/feed/,200,,NOT_APPLICABLE resource,,,not listed in observed sitemaps,1,0,,,,False,,GET HTTP source,2026-09-12T12:00:59Z,/2021/04/08/privet-mir/feed/,,NOT_APPLICABLE,feed,head rel=alternate,200,[],sitemap/anchor/head-alternate/media,ACCESS_BLOCKED,UNKNOWN,client,Unmeasured legacy access/link loss
https://dentix.ua/author/newdentix/feed/,200,,NOT_APPLICABLE resource,,,not listed in observed sitemaps,1,0,,,,False,,GET HTTP source,2026-09-12T12:01:00Z,/author/newdentix/feed/,,NOT_APPLICABLE,feed,head rel=alternate,200,[],sitemap/anchor/head-alternate/media,ACCESS_BLOCKED,UNKNOWN,client,Unmeasured legacy access/link loss
https://dentix.ua/category/bez-rubriki/feed/,200,,NOT_APPLICABLE resource,,,not listed in observed sitemaps,1,0,,,,False,,GET HTTP source,2026-09-12T12:01:01Z,/category/bez-rubriki/feed/,,NOT_APPLICABLE,feed,head rel=alternate,200,[],sitemap/anchor/head-alternate/media,ACCESS_BLOCKED,UNKNOWN,client,Unmeasured legacy access/link loss
https://dentix.ua/comments/feed/,200,,NOT_APPLICABLE resource,,,not listed in observed sitemaps,1,0,,,,False,,GET HTTP source,2026-09-12T12:01:02Z,/comments/feed/,,NOT_APPLICABLE,feed,head rel=alternate,200,[],sitemap/anchor/head-alternate/media,ACCESS_BLOCKED,UNKNOWN,client,Unmeasured legacy access/link loss
https://dentix.ua/elementor-5/feed/,200,,NOT_APPLICABLE resource,,,not listed in observed sitemaps,1,0,,,,False,,GET HTTP source,2026-09-12T12:01:02Z,/elementor-5/feed/,,NOT_APPLICABLE,feed,head rel=alternate,200,[],sitemap/anchor/head-alternate/media,ACCESS_BLOCKED,UNKNOWN,client,Unmeasured legacy access/link loss
https://dentix.ua/feed/,200,,NOT_APPLICABLE resource,,,not listed in observed sitemaps,1,0,,,,False,,GET HTTP source,2026-09-12T12:01:03Z,/feed/,,NOT_APPLICABLE,feed,head rel=alternate,200,[],sitemap/anchor/head-alternate/media,ACCESS_BLOCKED,UNKNOWN,client,Unmeasured legacy access/link loss
https://dentix.ua/otzyivyi/feed/,200,,NOT_APPLICABLE resource,,,not listed in observed sitemaps,1,0,,,,False,,GET HTTP source,2026-09-12T12:01:04Z,/otzyivyi/feed/,,NOT_APPLICABLE,feed,head rel=alternate,200,[],sitemap/anchor/head-alternate/media,ACCESS_BLOCKED,UNKNOWN,client,Unmeasured legacy access/link loss
https://www.dentix.ua/,301,https://dentix.ua/,eligible by observed HTTP/directives; Google indexation UNKNOWN,max-image-preview:large,https://dentix.ua/,not listed in observed sitemaps,0,0,DENTIX — Стоматологія,,ru-RU,False,Source language mismatch; H1 absent,GET HTTP source,2026-09-12T12:01:06Z,/,,uk visible main copy; html ru-RU,content,,200,"[{""from"": ""https://www.dentix.ua/"", ""status"": 301, ""to"": ""https://dentix.ua/""}]",explicit probe,ACCESS_BLOCKED,UNKNOWN,client,Unmeasured legacy access/link loss
http://dentix.ua/,301,https://dentix.ua/,eligible by observed HTTP/directives; Google indexation UNKNOWN,max-image-preview:large,https://dentix.ua/,not listed in observed sitemaps,0,0,DENTIX — Стоматологія,,ru-RU,False,Source language mismatch; H1 absent,GET HTTP source,2026-09-12T12:01:05Z,/,,uk visible main copy; html ru-RU,content,,200,"[{""from"": ""http://dentix.ua/"", ""status"": 301, ""to"": ""https://dentix.ua/""}]",explicit probe,ACCESS_BLOCKED,UNKNOWN,client,Unmeasured legacy access/link loss
https://dentix.ua/wp-content/uploads/2024/03/Logo_cu.png,200,,NOT_APPLICABLE resource,NOT_OBSERVED,,not listed in observed sitemaps,4,0,NOT_APPLICABLE,,NOT_APPLICABLE,False,,HEAD HTTP source,2026-09-12T12:01:53Z,/wp-content/uploads/2024/03/Logo_cu.png,,NOT_APPLICABLE,media,https://dentix.ua/ | https://dentix.ua/implantatsiya/ | https://dentix.ua/lechenie-pod-mikroskopom/ | https://dentix.ua/protezirovanie/,200,[],sitemap/anchor/head-alternate/media,ACCESS_BLOCKED,UNKNOWN,asset owner; clinical reviewer if patient/case material,Unmeasured legacy access/link loss
https://dentix.ua/wp-content/uploads/2021/04/14_150-150x150.png,200,,NOT_APPLICABLE resource,NOT_OBSERVED,,not listed in observed sitemaps,1,0,NOT_APPLICABLE,,NOT_APPLICABLE,False,,HEAD HTTP source,2026-09-12T12:01:53Z,/wp-content/uploads/2021/04/14_150-150x150.png,,NOT_APPLICABLE,media,https://dentix.ua/,200,[],sitemap/anchor/head-alternate/media,ACCESS_BLOCKED,UNKNOWN,asset owner; clinical reviewer if patient/case material,Unmeasured legacy access/link loss
https://dentix.ua/wp-content/uploads/2021/04/13_150-150x150.png,200,,NOT_APPLICABLE resource,NOT_OBSERVED,,not listed in observed sitemaps,1,0,NOT_APPLICABLE,,NOT_APPLICABLE,False,,HEAD HTTP source,2026-09-12T12:01:53Z,/wp-content/uploads/2021/04/13_150-150x150.png,,NOT_APPLICABLE,media,https://dentix.ua/,200,[],sitemap/anchor/head-alternate/media,ACCESS_BLOCKED,UNKNOWN,asset owner; clinical reviewer if patient/case material,Unmeasured legacy access/link loss
https://dentix.ua/wp-content/uploads/2021/04/15_150-150x150.png,200,,NOT_APPLICABLE resource,NOT_OBSERVED,,not listed in observed sitemaps,1,0,NOT_APPLICABLE,,NOT_APPLICABLE,False,,HEAD HTTP source,2026-09-12T12:01:53Z,/wp-content/uploads/2021/04/15_150-150x150.png,,NOT_APPLICABLE,media,https://dentix.ua/,200,[],sitemap/anchor/head-alternate/media,ACCESS_BLOCKED,UNKNOWN,asset owner; clinical reviewer if patient/case material,Unmeasured legacy access/link loss
https://dentix.ua/wp-content/uploads/2024/05/20240405_123140_300-169x300.jpg,200,,NOT_APPLICABLE resource,NOT_OBSERVED,,not listed in observed sitemaps,4,0,NOT_APPLICABLE,,NOT_APPLICABLE,False,,HEAD HTTP source,2026-09-12T12:01:53Z,/wp-content/uploads/2024/05/20240405_123140_300-169x300.jpg,,NOT_APPLICABLE,media,https://dentix.ua/ | https://dentix.ua/implantatsiya/ | https://dentix.ua/lechenie-pod-mikroskopom/ | https://dentix.ua/protezirovanie/,200,[],sitemap/anchor/head-alternate/media,ACCESS_BLOCKED,UNKNOWN,asset owner; clinical reviewer if patient/case material,Unmeasured legacy access/link loss
https://dentix.ua/wp-content/uploads/2024/05/20240405_105221_300-169x300.jpg,200,,NOT_APPLICABLE resource,NOT_OBSERVED,,not listed in observed sitemaps,4,0,NOT_APPLICABLE,,NOT_APPLICABLE,False,,HEAD HTTP source,2026-09-12T12:01:53Z,/wp-content/uploads/2024/05/20240405_105221_300-169x300.jpg,,NOT_APPLICABLE,media,https://dentix.ua/ | https://dentix.ua/implantatsiya/ | https://dentix.ua/lechenie-pod-mikroskopom/ | https://dentix.ua/protezirovanie/,200,[],sitemap/anchor/head-alternate/media,ACCESS_BLOCKED,UNKNOWN,asset owner; clinical reviewer if patient/case material,Unmeasured legacy access/link loss
https://dentix.ua/wp-content/uploads/2024/05/20240405_105452_300-169x300.jpg,200,,NOT_APPLICABLE resource,NOT_OBSERVED,,not listed in observed sitemaps,4,0,NOT_APPLICABLE,,NOT_APPLICABLE,False,,HEAD HTTP source,2026-09-12T12:01:53Z,/wp-content/uploads/2024/05/20240405_105452_300-169x300.jpg,,NOT_APPLICABLE,media,https://dentix.ua/ | https://dentix.ua/implantatsiya/ | https://dentix.ua/lechenie-pod-mikroskopom/ | https://dentix.ua/protezirovanie/,200,[],sitemap/anchor/head-alternate/media,ACCESS_BLOCKED,UNKNOWN,asset owner; clinical reviewer if patient/case material,Unmeasured legacy access/link loss
https://dentix.ua/wp-content/uploads/2024/05/20240405_105121_300-169x300.jpg,200,,NOT_APPLICABLE resource,NOT_OBSERVED,,not listed in observed sitemaps,4,0,NOT_APPLICABLE,,NOT_APPLICABLE,False,,HEAD HTTP source,2026-09-12T12:01:53Z,/wp-content/uploads/2024/05/20240405_105121_300-169x300.jpg,,NOT_APPLICABLE,media,https://dentix.ua/ | https://dentix.ua/implantatsiya/ | https://dentix.ua/lechenie-pod-mikroskopom/ | https://dentix.ua/protezirovanie/,200,[],sitemap/anchor/head-alternate/media,ACCESS_BLOCKED,UNKNOWN,asset owner; clinical reviewer if patient/case material,Unmeasured legacy access/link loss
https://dentix.ua/wp-content/uploads/2021/04/sert10-215x300.jpg,200,,NOT_APPLICABLE resource,NOT_OBSERVED,,not listed in observed sitemaps,4,0,NOT_APPLICABLE,,NOT_APPLICABLE,False,,HEAD HTTP source,2026-09-12T12:01:53Z,/wp-content/uploads/2021/04/sert10-215x300.jpg,,NOT_APPLICABLE,media,https://dentix.ua/ | https://dentix.ua/implantatsiya/ | https://dentix.ua/lechenie-pod-mikroskopom/ | https://dentix.ua/protezirovanie/,200,[],sitemap/anchor/head-alternate/media,ACCESS_BLOCKED,UNKNOWN,asset owner; clinical reviewer if patient/case material,Unmeasured legacy access/link loss
https://dentix.ua/wp-content/uploads/2021/04/sert9-213x300.jpg,200,,NOT_APPLICABLE resource,NOT_OBSERVED,,not listed in observed sitemaps,4,0,NOT_APPLICABLE,,NOT_APPLICABLE,False,,HEAD HTTP source,2026-09-12T12:01:53Z,/wp-content/uploads/2021/04/sert9-213x300.jpg,,NOT_APPLICABLE,media,https://dentix.ua/ | https://dentix.ua/implantatsiya/ | https://dentix.ua/lechenie-pod-mikroskopom/ | https://dentix.ua/protezirovanie/,200,[],sitemap/anchor/head-alternate/media,ACCESS_BLOCKED,UNKNOWN,asset owner; clinical reviewer if patient/case material,Unmeasured legacy access/link loss
https://dentix.ua/wp-content/uploads/2021/04/sert8-208x300.jpg,200,,NOT_APPLICABLE resource,NOT_OBSERVED,,not listed in observed sitemaps,4,0,NOT_APPLICABLE,,NOT_APPLICABLE,False,,HEAD HTTP source,2026-09-12T12:01:53Z,/wp-content/uploads/2021/04/sert8-208x300.jpg,,NOT_APPLICABLE,media,https://dentix.ua/ | https://dentix.ua/implantatsiya/ | https://dentix.ua/lechenie-pod-mikroskopom/ | https://dentix.ua/protezirovanie/,200,[],sitemap/anchor/head-alternate/media,ACCESS_BLOCKED,UNKNOWN,asset owner; clinical reviewer if patient/case material,Unmeasured legacy access/link loss
https://dentix.ua/wp-content/uploads/2021/04/sert7-203x300.jpg,200,,NOT_APPLICABLE resource,NOT_OBSERVED,,not listed in observed sitemaps,4,0,NOT_APPLICABLE,,NOT_APPLICABLE,False,,HEAD HTTP source,2026-09-12T12:01:53Z,/wp-content/uploads/2021/04/sert7-203x300.jpg,,NOT_APPLICABLE,media,https://dentix.ua/ | https://dentix.ua/implantatsiya/ | https://dentix.ua/lechenie-pod-mikroskopom/ | https://dentix.ua/protezirovanie/,200,[],sitemap/anchor/head-alternate/media,ACCESS_BLOCKED,UNKNOWN,asset owner; clinical reviewer if patient/case material,Unmeasured legacy access/link loss
https://dentix.ua/wp-content/uploads/2021/04/sert6-300x213.jpg,200,,NOT_APPLICABLE resource,NOT_OBSERVED,,not listed in observed sitemaps,4,0,NOT_APPLICABLE,,NOT_APPLICABLE,False,,HEAD HTTP source,2026-09-12T12:01:53Z,/wp-content/uploads/2021/04/sert6-300x213.jpg,,NOT_APPLICABLE,media,https://dentix.ua/ | https://dentix.ua/implantatsiya/ | https://dentix.ua/lechenie-pod-mikroskopom/ | https://dentix.ua/protezirovanie/,200,[],sitemap/anchor/head-alternate/media,ACCESS_BLOCKED,UNKNOWN,asset owner; clinical reviewer if patient/case material,Unmeasured legacy access/link loss
https://dentix.ua/wp-content/uploads/2021/04/sert5-211x300.jpg,200,,NOT_APPLICABLE resource,NOT_OBSERVED,,not listed in observed sitemaps,4,0,NOT_APPLICABLE,,NOT_APPLICABLE,False,,HEAD HTTP source,2026-09-12T12:01:53Z,/wp-content/uploads/2021/04/sert5-211x300.jpg,,NOT_APPLICABLE,media,https://dentix.ua/ | https://dentix.ua/implantatsiya/ | https://dentix.ua/lechenie-pod-mikroskopom/ | https://dentix.ua/protezirovanie/,200,[],sitemap/anchor/head-alternate/media,ACCESS_BLOCKED,UNKNOWN,asset owner; clinical reviewer if patient/case material,Unmeasured legacy access/link loss
https://dentix.ua/wp-content/uploads/2021/04/sert4-212x300.jpg,200,,NOT_APPLICABLE resource,NOT_OBSERVED,,not listed in observed sitemaps,4,0,NOT_APPLICABLE,,NOT_APPLICABLE,False,,HEAD HTTP source,2026-09-12T12:01:53Z,/wp-content/uploads/2021/04/sert4-212x300.jpg,,NOT_APPLICABLE,media,https://dentix.ua/ | https://dentix.ua/implantatsiya/ | https://dentix.ua/lechenie-pod-mikroskopom/ | https://dentix.ua/protezirovanie/,200,[],sitemap/anchor/head-alternate/media,ACCESS_BLOCKED,UNKNOWN,asset owner; clinical reviewer if patient/case material,Unmeasured legacy access/link loss
https://dentix.ua/wp-content/uploads/2021/04/sert3-212x300.jpg,200,,NOT_APPLICABLE resource,NOT_OBSERVED,,not listed in observed sitemaps,4,0,NOT_APPLICABLE,,NOT_APPLICABLE,False,,HEAD HTTP source,2026-09-12T12:01:53Z,/wp-content/uploads/2021/04/sert3-212x300.jpg,,NOT_APPLICABLE,media,https://dentix.ua/ | https://dentix.ua/implantatsiya/ | https://dentix.ua/lechenie-pod-mikroskopom/ | https://dentix.ua/protezirovanie/,200,[],sitemap/anchor/head-alternate/media,ACCESS_BLOCKED,UNKNOWN,asset owner; clinical reviewer if patient/case material,Unmeasured legacy access/link loss
https://dentix.ua/wp-content/uploads/2021/04/sert2-214x300.jpg,200,,NOT_APPLICABLE resource,NOT_OBSERVED,,not listed in observed sitemaps,4,0,NOT_APPLICABLE,,NOT_APPLICABLE,False,,HEAD HTTP source,2026-09-12T12:01:53Z,/wp-content/uploads/2021/04/sert2-214x300.jpg,,NOT_APPLICABLE,media,https://dentix.ua/ | https://dentix.ua/implantatsiya/ | https://dentix.ua/lechenie-pod-mikroskopom/ | https://dentix.ua/protezirovanie/,200,[],sitemap/anchor/head-alternate/media,ACCESS_BLOCKED,UNKNOWN,asset owner; clinical reviewer if patient/case material,Unmeasured legacy access/link loss
https://dentix.ua/wp-content/uploads/2021/04/sert1-216x300.jpg,200,,NOT_APPLICABLE resource,NOT_OBSERVED,,not listed in observed sitemaps,4,0,NOT_APPLICABLE,,NOT_APPLICABLE,False,,HEAD HTTP source,2026-09-12T12:01:53Z,/wp-content/uploads/2021/04/sert1-216x300.jpg,,NOT_APPLICABLE,media,https://dentix.ua/ | https://dentix.ua/implantatsiya/ | https://dentix.ua/lechenie-pod-mikroskopom/ | https://dentix.ua/protezirovanie/,200,[],sitemap/anchor/head-alternate/media,ACCESS_BLOCKED,UNKNOWN,asset owner; clinical reviewer if patient/case material,Unmeasured legacy access/link loss
https://dentix.ua/wp-content/uploads/2021/04/Stas.jpg,200,,NOT_APPLICABLE resource,NOT_OBSERVED,,not listed in observed sitemaps,4,0,NOT_APPLICABLE,,NOT_APPLICABLE,False,,HEAD HTTP source,2026-09-12T12:01:53Z,/wp-content/uploads/2021/04/Stas.jpg,,NOT_APPLICABLE,media,https://dentix.ua/ | https://dentix.ua/implantatsiya/ | https://dentix.ua/lechenie-pod-mikroskopom/ | https://dentix.ua/protezirovanie/,200,[],sitemap/anchor/head-alternate/media,ACCESS_BLOCKED,UNKNOWN,asset owner; clinical reviewer if patient/case material,Unmeasured legacy access/link loss
https://dentix.ua/wp-content/uploads/2024/05/20240405_123140_300.jpg,200,,NOT_APPLICABLE resource,NOT_OBSERVED,,not listed in observed sitemaps,4,0,NOT_APPLICABLE,,NOT_APPLICABLE,False,,HEAD HTTP source,2026-09-12T12:01:53Z,/wp-content/uploads/2024/05/20240405_123140_300.jpg,,NOT_APPLICABLE,media,https://dentix.ua/ | https://dentix.ua/implantatsiya/ | https://dentix.ua/lechenie-pod-mikroskopom/ | https://dentix.ua/protezirovanie/,200,[],sitemap/anchor/head-alternate/media,ACCESS_BLOCKED,UNKNOWN,asset owner; clinical reviewer if patient/case material,Unmeasured legacy access/link loss
https://dentix.ua/wp-content/uploads/2024/05/20240405_105221_300.jpg,200,,NOT_APPLICABLE resource,NOT_OBSERVED,,not listed in observed sitemaps,4,0,NOT_APPLICABLE,,NOT_APPLICABLE,False,,HEAD HTTP source,2026-09-12T12:01:53Z,/wp-content/uploads/2024/05/20240405_105221_300.jpg,,NOT_APPLICABLE,media,https://dentix.ua/ | https://dentix.ua/implantatsiya/ | https://dentix.ua/lechenie-pod-mikroskopom/ | https://dentix.ua/protezirovanie/,200,[],sitemap/anchor/head-alternate/media,ACCESS_BLOCKED,UNKNOWN,asset owner; clinical reviewer if patient/case material,Unmeasured legacy access/link loss
https://dentix.ua/wp-content/uploads/2024/05/20240405_105452_300.jpg,200,,NOT_APPLICABLE resource,NOT_OBSERVED,,not listed in observed sitemaps,4,0,NOT_APPLICABLE,,NOT_APPLICABLE,False,,HEAD HTTP source,2026-09-12T12:01:53Z,/wp-content/uploads/2024/05/20240405_105452_300.jpg,,NOT_APPLICABLE,media,https://dentix.ua/ | https://dentix.ua/implantatsiya/ | https://dentix.ua/lechenie-pod-mikroskopom/ | https://dentix.ua/protezirovanie/,200,[],sitemap/anchor/head-alternate/media,ACCESS_BLOCKED,UNKNOWN,asset owner; clinical reviewer if patient/case material,Unmeasured legacy access/link loss
https://dentix.ua/wp-content/uploads/2024/05/20240405_105121_300.jpg,200,,NOT_APPLICABLE resource,NOT_OBSERVED,,not listed in observed sitemaps,4,0,NOT_APPLICABLE,,NOT_APPLICABLE,False,,HEAD HTTP source,2026-09-12T12:01:53Z,/wp-content/uploads/2024/05/20240405_105121_300.jpg,,NOT_APPLICABLE,media,https://dentix.ua/ | https://dentix.ua/implantatsiya/ | https://dentix.ua/lechenie-pod-mikroskopom/ | https://dentix.ua/protezirovanie/,200,[],sitemap/anchor/head-alternate/media,ACCESS_BLOCKED,UNKNOWN,asset owner; clinical reviewer if patient/case material,Unmeasured legacy access/link loss
https://dentix.ua/wp-content/uploads/2021/04/sert10.jpg,200,,NOT_APPLICABLE resource,NOT_OBSERVED,,not listed in observed sitemaps,4,0,NOT_APPLICABLE,,NOT_APPLICABLE,False,,HEAD HTTP source,2026-09-12T12:01:53Z,/wp-content/uploads/2021/04/sert10.jpg,,NOT_APPLICABLE,media,https://dentix.ua/ | https://dentix.ua/implantatsiya/ | https://dentix.ua/lechenie-pod-mikroskopom/ | https://dentix.ua/protezirovanie/,200,[],sitemap/anchor/head-alternate/media,ACCESS_BLOCKED,UNKNOWN,asset owner; clinical reviewer if patient/case material,Unmeasured legacy access/link loss
https://dentix.ua/wp-content/uploads/2021/04/sert9.jpg,200,,NOT_APPLICABLE resource,NOT_OBSERVED,,not listed in observed sitemaps,4,0,NOT_APPLICABLE,,NOT_APPLICABLE,False,,HEAD HTTP source,2026-09-12T12:01:53Z,/wp-content/uploads/2021/04/sert9.jpg,,NOT_APPLICABLE,media,https://dentix.ua/ | https://dentix.ua/implantatsiya/ | https://dentix.ua/lechenie-pod-mikroskopom/ | https://dentix.ua/protezirovanie/,200,[],sitemap/anchor/head-alternate/media,ACCESS_BLOCKED,UNKNOWN,asset owner; clinical reviewer if patient/case material,Unmeasured legacy access/link loss
https://dentix.ua/wp-content/uploads/2021/04/sert8.jpg,200,,NOT_APPLICABLE resource,NOT_OBSERVED,,not listed in observed sitemaps,4,0,NOT_APPLICABLE,,NOT_APPLICABLE,False,,HEAD HTTP source,2026-09-12T12:01:53Z,/wp-content/uploads/2021/04/sert8.jpg,,NOT_APPLICABLE,media,https://dentix.ua/ | https://dentix.ua/implantatsiya/ | https://dentix.ua/lechenie-pod-mikroskopom/ | https://dentix.ua/protezirovanie/,200,[],sitemap/anchor/head-alternate/media,ACCESS_BLOCKED,UNKNOWN,asset owner; clinical reviewer if patient/case material,Unmeasured legacy access/link loss
https://dentix.ua/wp-content/uploads/2021/04/sert7.jpg,200,,NOT_APPLICABLE resource,NOT_OBSERVED,,not listed in observed sitemaps,4,0,NOT_APPLICABLE,,NOT_APPLICABLE,False,,HEAD HTTP source,2026-09-12T12:01:53Z,/wp-content/uploads/2021/04/sert7.jpg,,NOT_APPLICABLE,media,https://dentix.ua/ | https://dentix.ua/implantatsiya/ | https://dentix.ua/lechenie-pod-mikroskopom/ | https://dentix.ua/protezirovanie/,200,[],sitemap/anchor/head-alternate/media,ACCESS_BLOCKED,UNKNOWN,asset owner; clinical reviewer if patient/case material,Unmeasured legacy access/link loss
https://dentix.ua/wp-content/uploads/2021/04/sert6.jpg,200,,NOT_APPLICABLE resource,NOT_OBSERVED,,not listed in observed sitemaps,4,0,NOT_APPLICABLE,,NOT_APPLICABLE,False,,HEAD HTTP source,2026-09-12T12:01:54Z,/wp-content/uploads/2021/04/sert6.jpg,,NOT_APPLICABLE,media,https://dentix.ua/ | https://dentix.ua/implantatsiya/ | https://dentix.ua/lechenie-pod-mikroskopom/ | https://dentix.ua/protezirovanie/,200,[],sitemap/anchor/head-alternate/media,ACCESS_BLOCKED,UNKNOWN,asset owner; clinical reviewer if patient/case material,Unmeasured legacy access/link loss
https://dentix.ua/wp-content/uploads/2021/04/sert5.jpg,200,,NOT_APPLICABLE resource,NOT_OBSERVED,,not listed in observed sitemaps,4,0,NOT_APPLICABLE,,NOT_APPLICABLE,False,,HEAD HTTP source,2026-09-12T12:01:54Z,/wp-content/uploads/2021/04/sert5.jpg,,NOT_APPLICABLE,media,https://dentix.ua/ | https://dentix.ua/implantatsiya/ | https://dentix.ua/lechenie-pod-mikroskopom/ | https://dentix.ua/protezirovanie/,200,[],sitemap/anchor/head-alternate/media,ACCESS_BLOCKED,UNKNOWN,asset owner; clinical reviewer if patient/case material,Unmeasured legacy access/link loss
https://dentix.ua/wp-content/uploads/2021/04/sert4.jpg,200,,NOT_APPLICABLE resource,NOT_OBSERVED,,not listed in observed sitemaps,4,0,NOT_APPLICABLE,,NOT_APPLICABLE,False,,HEAD HTTP source,2026-09-12T12:01:54Z,/wp-content/uploads/2021/04/sert4.jpg,,NOT_APPLICABLE,media,https://dentix.ua/ | https://dentix.ua/implantatsiya/ | https://dentix.ua/lechenie-pod-mikroskopom/ | https://dentix.ua/protezirovanie/,200,[],sitemap/anchor/head-alternate/media,ACCESS_BLOCKED,UNKNOWN,asset owner; clinical reviewer if patient/case material,Unmeasured legacy access/link loss
https://dentix.ua/wp-content/uploads/2021/04/sert3.jpg,200,,NOT_APPLICABLE resource,NOT_OBSERVED,,not listed in observed sitemaps,4,0,NOT_APPLICABLE,,NOT_APPLICABLE,False,,HEAD HTTP source,2026-09-12T12:01:54Z,/wp-content/uploads/2021/04/sert3.jpg,,NOT_APPLICABLE,media,https://dentix.ua/ | https://dentix.ua/implantatsiya/ | https://dentix.ua/lechenie-pod-mikroskopom/ | https://dentix.ua/protezirovanie/,200,[],sitemap/anchor/head-alternate/media,ACCESS_BLOCKED,UNKNOWN,asset owner; clinical reviewer if patient/case material,Unmeasured legacy access/link loss
https://dentix.ua/wp-content/uploads/2021/04/sert2.jpg,200,,NOT_APPLICABLE resource,NOT_OBSERVED,,not listed in observed sitemaps,4,0,NOT_APPLICABLE,,NOT_APPLICABLE,False,,HEAD HTTP source,2026-09-12T12:01:54Z,/wp-content/uploads/2021/04/sert2.jpg,,NOT_APPLICABLE,media,https://dentix.ua/ | https://dentix.ua/implantatsiya/ | https://dentix.ua/lechenie-pod-mikroskopom/ | https://dentix.ua/protezirovanie/,200,[],sitemap/anchor/head-alternate/media,ACCESS_BLOCKED,UNKNOWN,asset owner; clinical reviewer if patient/case material,Unmeasured legacy access/link loss
https://dentix.ua/wp-content/uploads/2021/04/sert1.jpg,200,,NOT_APPLICABLE resource,NOT_OBSERVED,,not listed in observed sitemaps,4,0,NOT_APPLICABLE,,NOT_APPLICABLE,False,,HEAD HTTP source,2026-09-12T12:01:54Z,/wp-content/uploads/2021/04/sert1.jpg,,NOT_APPLICABLE,media,https://dentix.ua/ | https://dentix.ua/implantatsiya/ | https://dentix.ua/lechenie-pod-mikroskopom/ | https://dentix.ua/protezirovanie/,200,[],sitemap/anchor/head-alternate/media,ACCESS_BLOCKED,UNKNOWN,asset owner; clinical reviewer if patient/case material,Unmeasured legacy access/link loss
https://dentix.ua/wp-content/uploads/2021/04/Logo_ICO_Black_Bolt.png,200,,NOT_APPLICABLE resource,NOT_OBSERVED,,not listed in observed sitemaps,6,0,NOT_APPLICABLE,,NOT_APPLICABLE,False,,HEAD HTTP source,2026-09-12T12:01:54Z,/wp-content/uploads/2021/04/Logo_ICO_Black_Bolt.png,,NOT_APPLICABLE,media,https://dentix.ua/2021/04/08/privet-mir/ | https://dentix.ua/author/newdentix/ | https://dentix.ua/category/bez-rubriki/ | https://dentix.ua/otzyivyi/ | https://dentix.ua/sayt-nahoditsya-na-tehnicheskom-obsluzh/ | https://dentix.ua/sitemap_index.xml,200,[],sitemap/anchor/head-alternate/media,ACCESS_BLOCKED,UNKNOWN,asset owner; clinical reviewer if patient/case material,Unmeasured legacy access/link loss
https://dentix.ua/wp-content/uploads/2024/03/unnamed.png,200,,NOT_APPLICABLE resource,NOT_OBSERVED,,not listed in observed sitemaps,1,0,NOT_APPLICABLE,,NOT_APPLICABLE,False,,HEAD HTTP source,2026-09-12T12:01:54Z,/wp-content/uploads/2024/03/unnamed.png,,NOT_APPLICABLE,media,https://dentix.ua/implantatsiya/,200,[],sitemap/anchor/head-alternate/media,ACCESS_BLOCKED,UNKNOWN,asset owner; clinical reviewer if patient/case material,Unmeasured legacy access/link loss
https://dentix.ua/wp-content/uploads/2024/03/krasivaya-ulybka-v-vashikh-rukakh.png,200,,NOT_APPLICABLE resource,NOT_OBSERVED,,not listed in observed sitemaps,1,0,NOT_APPLICABLE,,NOT_APPLICABLE,False,,HEAD HTTP source,2026-09-12T12:01:54Z,/wp-content/uploads/2024/03/krasivaya-ulybka-v-vashikh-rukakh.png,,NOT_APPLICABLE,media,https://dentix.ua/protezirovanie/,200,[],sitemap/anchor/head-alternate/media,ACCESS_BLOCKED,UNKNOWN,asset owner; clinical reviewer if patient/case material,Unmeasured legacy access/link loss
https://dentix.ua/wp-content/uploads/2024/03/0fcfe684754725384c.png,200,,NOT_APPLICABLE resource,NOT_OBSERVED,,not listed in observed sitemaps,1,0,NOT_APPLICABLE,,NOT_APPLICABLE,False,,HEAD HTTP source,2026-09-12T12:01:54Z,/wp-content/uploads/2024/03/0fcfe684754725384c.png,,NOT_APPLICABLE,media,https://dentix.ua/lechenie-pod-mikroskopom/,200,[],sitemap/anchor/head-alternate/media,ACCESS_BLOCKED,UNKNOWN,asset owner; clinical reviewer if patient/case material,Unmeasured legacy access/link loss
https://dentix.ua/wp-content/uploads/2021/04/Logo_cut_black-1024x276.png,200,,NOT_APPLICABLE resource,NOT_OBSERVED,,not listed in observed sitemaps,1,0,NOT_APPLICABLE,,NOT_APPLICABLE,False,,HEAD HTTP source,2026-09-12T12:01:54Z,/wp-content/uploads/2021/04/Logo_cut_black-1024x276.png,,NOT_APPLICABLE,media,https://dentix.ua/sayt-nahoditsya-na-tehnicheskom-obsluzh/,200,[],sitemap/anchor/head-alternate/media,ACCESS_BLOCKED,UNKNOWN,asset owner; clinical reviewer if patient/case material,Unmeasured legacy access/link loss
https://optidigitalagent.github.io/dentix-booking-demo/,200,,false: intentional preview noindex,"noindex,nofollow,noarchive",,,,0,Стоматологія DENTIX у Дніпрі — послуги та контакти — попередній перегляд,,uk,False,Not production; no migration launch,GET HTTP source,2026-09-12T12:01:04Z,/dentix-booking-demo/,,,current preview,,200,,,,,,
https://optidigitalagent.github.io/dentix-booking-demo/,200,,false: preview noindex,"noindex,nofollow,noarchive",NONE,Ten exact local production URLs; production NOT_LAUNCHED,Shared header/footer from all four routes,1,Стоматологія DENTIX у Дніпрі — послуги та контакти — попередній перегляд,"Попередній перегляд сайту DENTIX. Стоматологічна клініка DENTIX у Дніпрі: терапія, хірургія та імплантація. Перегляньте послуги й контакти та зателефонуйте для уточнення візиту.",uk,true,PR03 LOCAL_ARTIFACT ONLY; no production publish,Local artifact HTTP + source/render browser QA,2026-09-12T14:48:37.389890+00:00,/,,uk,Entity/local/shared price,,200,,explicit PR03 route model,ACCESS_BLOCKED,UNKNOWN,Current-source facts approved by DENTIX user,Migration 64 rows / 49 HOLD unchanged; no cutover
https://optidigitalagent.github.io/dentix-booking-demo/likari/,200,,false: preview noindex,"noindex,nofollow,noarchive",NONE,Ten exact local production URLs; production NOT_LAUNCHED,Shared header/footer from all four routes,1,Лікарі DENTIX у Дніпрі — команда клініки — попередній перегляд,Попередній перегляд сайту DENTIX. Команда стоматологічної клініки DENTIX у Дніпрі: лікарі та напрямки лікування. Перегляньте контакти й ціни та узгодьте прийом телефоном.,uk,true,PR03 LOCAL_ARTIFACT ONLY; no production publish,Local artifact HTTP + source/render browser QA,2026-09-12T14:48:37.389890+00:00,/likari/,,uk,Entity/local/shared price,,200,,explicit PR03 route model,ACCESS_BLOCKED,UNKNOWN,Current-source facts approved by DENTIX user,Migration 64 rows / 49 HOLD unchanged; no cutover
https://optidigitalagent.github.io/dentix-booking-demo/kontakty/,200,,false: preview noindex,"noindex,nofollow,noarchive",NONE,Ten exact local production URLs; production NOT_LAUNCHED,Shared header/footer from all four routes,1,Контакти DENTIX у Дніпрі — адреса та графік роботи — попередній перегляд,"Попередній перегляд сайту DENTIX. Адреса DENTIX: вул. Калинова, 28, Дніпро. Телефони, графік роботи, карта та канали зв’язку. Зателефонуйте до клініки для узгодження прийому.",uk,true,PR03 LOCAL_ARTIFACT ONLY; no production publish,Local artifact HTTP + source/render browser QA,2026-09-12T14:48:37.389890+00:00,/kontakty/,,uk,Entity/local/shared price,,200,,explicit PR03 route model,ACCESS_BLOCKED,UNKNOWN,Current-source facts approved by DENTIX user,Migration 64 rows / 49 HOLD unchanged; no cutover
https://optidigitalagent.github.io/dentix-booking-demo/price.html,200,,false: preview noindex,"noindex,nofollow,noarchive",NONE,Ten exact local production URLs; production NOT_LAUNCHED,Shared header/footer from all four routes,1,Ціни на стоматологічні послуги у Дніпрі — DENTIX — попередній перегляд,Попередній перегляд сайту DENTIX. Прайс DENTIX у Дніпрі за напрямками стоматології. Остаточну вартість та індивідуальний план підтверджує клініка. Уточніть деталі телефоном.,uk,true,PR03 LOCAL_ARTIFACT ONLY; no production publish,Local artifact HTTP + source/render browser QA,2026-09-12T14:48:37.389890+00:00,/price.html,,uk,Entity/local/shared price,,200,,explicit PR03 route model,ACCESS_BLOCKED,UNKNOWN,Current-source facts approved by DENTIX user,Migration 64 rows / 49 HOLD unchanged; no cutover
https://dentix.ua/,200,,true (local production artifact only),"index,follow",https://dentix.ua/,Ten exact local production URLs; production NOT_LAUNCHED,Shared entity navigation,1,Стоматологія DENTIX у Дніпрі — послуги та контакти,"Стоматологічна клініка DENTIX у Дніпрі: терапія, хірургія та імплантація. Перегляньте послуги й контакти та зателефонуйте для уточнення візиту.",uk,true,PR04A LOCAL_ARTIFACT ONLY; not deployed to production,Local artifact HTTP + source/render browser QA,2026-09-13T09:06:01.002482+00:00,/,Стоматологія DENTIX,uk,Existing entity/local/shared price,/ | /price.html | /likari/ | therapy cluster,200,,Explicit seven-route contract,ACCESS_BLOCKED,UNKNOWN,Approved source facts and bounded operational copy; qualified review UNKNOWN; production boundary unresolved,Existing migration HOLD remain; no cutover
https://dentix.ua/likari/,200,,true (local production artifact only),"index,follow",https://dentix.ua/likari/,Ten exact local production URLs; production NOT_LAUNCHED,Shared entity navigation,1,Лікарі DENTIX у Дніпрі — команда клініки,Команда стоматологічної клініки DENTIX у Дніпрі: лікарі та напрямки лікування. Перегляньте контакти й ціни та узгодьте прийом телефоном.,uk,true,PR04A LOCAL_ARTIFACT ONLY; not deployed to production,Local artifact HTTP + source/render browser QA,2026-09-13T09:06:01.002482+00:00,/likari/,Лікарі DENTIX,uk,Existing entity/local/shared price,/ | /price.html | /likari/ | therapy cluster,200,,Explicit seven-route contract,ACCESS_BLOCKED,UNKNOWN,Approved source facts and bounded operational copy; qualified review UNKNOWN; production boundary unresolved,Existing migration HOLD remain; no cutover
https://dentix.ua/kontakty/,200,,true (local production artifact only),"index,follow",https://dentix.ua/kontakty/,Ten exact local production URLs; production NOT_LAUNCHED,Shared entity navigation,1,Контакти DENTIX у Дніпрі — адреса та графік роботи,"Адреса DENTIX: вул. Калинова, 28, Дніпро. Телефони, графік роботи, карта та канали зв’язку. Зателефонуйте до клініки для узгодження прийому.",uk,true,PR04A LOCAL_ARTIFACT ONLY; not deployed to production,Local artifact HTTP + source/render browser QA,2026-09-13T09:06:01.002482+00:00,/kontakty/,Контакти DENTIX,uk,Existing entity/local/shared price,/ | /price.html | /likari/ | therapy cluster,200,,Explicit seven-route contract,ACCESS_BLOCKED,UNKNOWN,Approved source facts and bounded operational copy; qualified review UNKNOWN; production boundary unresolved,Existing migration HOLD remain; no cutover
https://dentix.ua/price.html,200,,true (local production artifact only),"index,follow",https://dentix.ua/price.html,Ten exact local production URLs; production NOT_LAUNCHED,Shared entity navigation,1,Ціни на стоматологічні послуги у Дніпрі — DENTIX,Прайс DENTIX у Дніпрі за напрямками стоматології. Остаточну вартість та індивідуальний план підтверджує клініка. Уточніть деталі телефоном.,uk,true,PR04A LOCAL_ARTIFACT ONLY; not deployed to production,Local artifact HTTP + source/render browser QA,2026-09-13T09:06:01.002482+00:00,/price.html,Ціни DENTIX,uk,Existing entity/local/shared price,/ | /price.html | /likari/ | therapy cluster,200,,Explicit seven-route contract,ACCESS_BLOCKED,UNKNOWN,Approved source facts and bounded operational copy; qualified review UNKNOWN; production boundary unresolved,Existing migration HOLD remain; no cutover
https://dentix.ua/terapevtychna-stomatolohiia/,200,,true (local production artifact only),"index,follow",https://dentix.ua/terapevtychna-stomatolohiia/,Ten exact local production URLs; production NOT_LAUNCHED,Home therapy card; therapy price block; contextual doctor and related-service links,1,Терапевтична стоматологія у Дніпрі — DENTIX,"Терапевтична стоматологія DENTIX у Дніпрі: карієс, реставрація, лікування каналів і під мікроскопом. Лікарі, актуальний прайс та узгодження прийому телефоном.",uk,true,PR04A LOCAL_ARTIFACT ONLY; not deployed to production,Local artifact HTTP + source/render browser QA,2026-09-13T09:06:01.002482+00:00,/terapevtychna-stomatolohiia/,Терапевтична стоматологія у Дніпрі,uk,Therapy service cluster,/ | /price.html | /likari/ | therapy cluster,200,,Explicit seven-route contract,ACCESS_BLOCKED,UNKNOWN,Approved source facts and bounded operational copy; qualified review UNKNOWN; production boundary unresolved,Existing migration HOLD remain; no cutover
https://dentix.ua/likuvannia-kariiesu/,200,,true (local production artifact only),"index,follow",https://dentix.ua/likuvannia-kariiesu/,Ten exact local production URLs; production NOT_LAUNCHED,Home therapy card; therapy price block; contextual doctor and related-service links,1,Лікування карієсу у Дніпрі — DENTIX,Лікування карієсу та художня реставрація у DENTIX у Дніпрі. Перегляньте лікарів-терапевтів і прайс; індивідуальний план та остаточну вартість підтверджує клініка.,uk,true,PR04A LOCAL_ARTIFACT ONLY; not deployed to production,Local artifact HTTP + source/render browser QA,2026-09-13T09:06:01.002482+00:00,/likuvannia-kariiesu/,Лікування карієсу у Дніпрі,uk,Therapy service cluster,/ | /price.html | /likari/ | therapy cluster,200,,Explicit seven-route contract,ACCESS_BLOCKED,UNKNOWN,Approved source facts and bounded operational copy; qualified review UNKNOWN; production boundary unresolved,Existing migration HOLD remain; no cutover
https://dentix.ua/lechenie-pod-mikroskopom/,200,,true (local production artifact only),"index,follow",https://dentix.ua/lechenie-pod-mikroskopom/,Ten exact local production URLs; production NOT_LAUNCHED,Home therapy card; therapy price block; contextual doctor and related-service links,1,Лікування каналів під мікроскопом у Дніпрі — DENTIX,"Лікування каналів, лікування та перелікування під мікроскопом у DENTIX у Дніпрі. Ендодонтист, мікроскопіст, актуальний прайс та контакти клініки.",uk,true,PR04A LOCAL_ARTIFACT ONLY; not deployed to production,Local artifact HTTP + source/render browser QA,2026-09-13T09:06:01.002482+00:00,/lechenie-pod-mikroskopom/,Лікування каналів під мікроскопом у Дніпрі,uk,Therapy service cluster,/ | /price.html | /likari/ | therapy cluster,200,,Explicit seven-route contract,ACCESS_BLOCKED,UNKNOWN,Approved source facts and bounded operational copy; qualified review UNKNOWN; production boundary unresolved,Existing migration HOLD remain; no cutover
https://dentix.ua/khirurhichna-stomatolohiia/,200,,true (local production artifact only),"index,follow",https://dentix.ua/khirurhichna-stomatolohiia/,Ten exact local production URLs,Home surgery card; surgery price block; related surgery pages,1,Хірургічна стоматологія у Дніпрі — DENTIX,"Хірургічна стоматологія DENTIX у Дніпрі: видалення зуба, зуба мудрості та складне видалення ретинованого зуба. Актуальний прайс і контакти клініки.",uk,true,PR04B LOCAL_ARTIFACT ONLY; production NOT_LAUNCHED,Local artifact HTTP + source/render browser QA,2026-09-13T10:57:39.826480+00:00,/khirurhichna-stomatolohiia/,Хірургічна стоматологія у Дніпрі,uk,Surgery service cluster,/ | /price.html | surgery cluster,200,,Explicit ten-route contract,ACCESS_BLOCKED,UNKNOWN,No approved surgeon; qualified review UNKNOWN / NOT_COMPLETED; bounded organizational text only,Migration dispositions unchanged; no cutover
https://dentix.ua/vydalennia-zuba/,200,,true (local production artifact only),"index,follow",https://dentix.ua/vydalennia-zuba/,Ten exact local production URLs,Home surgery card; surgery price block; related surgery pages,1,Видалення зуба у Дніпрі — послуги та ціни DENTIX,"Видалення зуба та складне видалення ретинованого зуба у DENTIX у Дніпрі. Позиції прайсу, консультація й контакти для уточнення обсягу та остаточної вартості.",uk,true,PR04B LOCAL_ARTIFACT ONLY; production NOT_LAUNCHED,Local artifact HTTP + source/render browser QA,2026-09-13T10:57:39.826480+00:00,/vydalennia-zuba/,Видалення зуба у Дніпрі,uk,Surgery service cluster,/ | /price.html | surgery cluster,200,,Explicit ten-route contract,ACCESS_BLOCKED,UNKNOWN,No approved surgeon; qualified review UNKNOWN / NOT_COMPLETED; bounded organizational text only,Migration dispositions unchanged; no cutover
https://dentix.ua/vydalennia-zuba-mudrosti/,200,,true (local production artifact only),"index,follow",https://dentix.ua/vydalennia-zuba-mudrosti/,Ten exact local production URLs,Home surgery card; surgery price block; related surgery pages,1,Видалення зуба мудрості у Дніпрі — DENTIX,"Видалення зуба мудрості у DENTIX у Дніпрі: поточний прайс, консультація та контакти клініки. Обсяг послуги й остаточну вартість уточнюйте у клініці.",uk,true,PR04B LOCAL_ARTIFACT ONLY; production NOT_LAUNCHED,Local artifact HTTP + source/render browser QA,2026-09-13T10:57:39.826480+00:00,/vydalennia-zuba-mudrosti/,Видалення зуба мудрості у Дніпрі,uk,Surgery service cluster,/ | /price.html | surgery cluster,200,,Explicit ten-route contract,ACCESS_BLOCKED,UNKNOWN,No approved surgeon; qualified review UNKNOWN / NOT_COMPLETED; bounded organizational text only,Migration dispositions unchanged; no cutover
https://optidigitalagent.github.io/dentix-booking-demo/implantatsiya/,200,,LOCAL_ARTIFACT_ONLY; noindex,"noindex,nofollow,noarchive",,absent,home; price; related service,1,Імплантація зубів у Дніпрі — послуга та ціни DENTIX — попередній перегляд,"Попередній перегляд сайту DENTIX. Імплантація зубів у DENTIX у Дніпрі: окрема позиція поточного прайсу, консультація й контакти. Протезування на імплантах наведене окремо.",uk,False,Browser QA PASS; production NOT_LAUNCHED; qualified review UNKNOWN / NOT_COMPLETED,LOCAL_ARTIFACT_HTTP and initial HTML; not live production,2026-09-13T12:14:34.884826+00:00,/implantatsiya/,Імплантація зубів у Дніпрі,uk,implantation service/price,home | price | related preserved service,LOCAL_HTTP_200,[],local prerender + metadata; no live deployment,ACCESS_BLOCKED,UNKNOWN,UNKNOWN / NOT_COMPLETED,No cutover; legacy exact path preserved
https://dentix.ua/implantatsiya/,200,,"LOCAL_ARTIFACT_ONLY; index,follow; NOT_PUBLISHED","index,follow",https://dentix.ua/implantatsiya/,LOCAL production sitemap,home; price; related service,1,Імплантація зубів у Дніпрі — послуга та ціни DENTIX,"Імплантація зубів у DENTIX у Дніпрі: окрема позиція поточного прайсу, консультація й контакти. Протезування на імплантах наведене окремо.",uk,False,Browser QA PASS; production NOT_LAUNCHED; qualified review UNKNOWN / NOT_COMPLETED,LOCAL_ARTIFACT_HTTP and initial HTML; not live production,2026-09-13T12:14:34.884826+00:00,/implantatsiya/,Імплантація зубів у Дніпрі,uk,implantation service/price,home | price | related preserved service,LOCAL_HTTP_200,[],local prerender + metadata; no live deployment,ACCESS_BLOCKED,UNKNOWN,UNKNOWN / NOT_COMPLETED,No cutover; legacy exact path preserved
https://optidigitalagent.github.io/dentix-booking-demo/protezirovanie/,200,,LOCAL_ARTIFACT_ONLY; noindex,"noindex,nofollow,noarchive",,absent,home; price; related service,1,Протезування зубів у Дніпрі — коронки та ціни DENTIX — попередній перегляд,"Попередній перегляд сайту DENTIX. Протезування зубів у DENTIX у Дніпрі: металокерамічна й цирконієва коронки, мостоподібний протез і протезування на імплантах. Поточний прайс та контакти.",uk,False,Browser QA PASS; production NOT_LAUNCHED; qualified review UNKNOWN / NOT_COMPLETED,LOCAL_ARTIFACT_HTTP and initial HTML; not live production,2026-09-13T12:14:34.884826+00:00,/protezirovanie/,Протезування зубів у Дніпрі,uk,legacy prosthetics preservation,home | price | related preserved service,LOCAL_HTTP_200,[],local prerender + metadata; no live deployment,ACCESS_BLOCKED,UNKNOWN,UNKNOWN / NOT_COMPLETED,No cutover; legacy exact path preserved
https://dentix.ua/protezirovanie/,200,,"LOCAL_ARTIFACT_ONLY; index,follow; NOT_PUBLISHED","index,follow",https://dentix.ua/protezirovanie/,LOCAL production sitemap,home; price; related service,1,Протезування зубів у Дніпрі — коронки та ціни DENTIX,"Протезування зубів у DENTIX у Дніпрі: металокерамічна й цирконієва коронки, мостоподібний протез і протезування на імплантах. Поточний прайс та контакти.",uk,False,Browser QA PASS; production NOT_LAUNCHED; qualified review UNKNOWN / NOT_COMPLETED,LOCAL_ARTIFACT_HTTP and initial HTML; not live production,2026-09-13T12:14:34.884826+00:00,/protezirovanie/,Протезування зубів у Дніпрі,uk,legacy prosthetics preservation,home | price | related preserved service,LOCAL_HTTP_200,[],local prerender + metadata; no live deployment,ACCESS_BLOCKED,UNKNOWN,UNKNOWN / NOT_COMPLETED,No cutover; legacy exact path preserved
https://dentix.ua/robots.txt,200,,UNKNOWN: HTTP/source observation only,NOT_OBSERVED,NOT_OBSERVED,See external public evidence,NOT_CHECKED,NOT_CHECKED,NOT_CAPTURED_IN_STATUS_AUDIT,NOT_CAPTURED_IN_STATUS_AUDIT,NOT_CHECKED,false,PR05 source status audit only; no GSC or account access. SHA-256 0c913c9514350f89bd1d8e914f77c0fdaf0c07597adff63bfbbc7c543c52d7a0,Public HTTP GET; bounded concurrency=3,2026-09-13T14:47:49.273379+00:00,,,,,,200,External public/http-observations.json sanitized headers,PR05 migration/replacement/preview/probe contract,ACCESS_BLOCKED,UNKNOWN,NOT_COMPLETED,
https://dentix.ua/,200,,UNKNOWN: HTTP/source observation only,max-image-preview:large,https://dentix.ua/,See external public evidence,NOT_CHECKED,NOT_CHECKED,NOT_CAPTURED_IN_STATUS_AUDIT,NOT_CAPTURED_IN_STATUS_AUDIT,NOT_CHECKED,false,PR05 source status audit only; no GSC or account access. SHA-256 102ba53d4631b0873acc7b5f575216c07b3055ab673cc5d201551521098d2e7b,Public HTTP GET; bounded concurrency=3,2026-09-13T14:47:49.273562+00:00,,,,,,200,External public/http-observations.json sanitized headers,PR05 migration/replacement/preview/probe contract,ACCESS_BLOCKED,UNKNOWN,NOT_COMPLETED,
https://dentix.ua/wp-sitemap.xml,200,,UNKNOWN: HTTP/source observation only,NOT_OBSERVED,NOT_OBSERVED,See external public evidence,NOT_CHECKED,NOT_CHECKED,NOT_CAPTURED_IN_STATUS_AUDIT,NOT_CAPTURED_IN_STATUS_AUDIT,NOT_CHECKED,false,PR05 source status audit only; no GSC or account access. SHA-256 8d9d09461582384881937a1f113fa55513a30328259d7b48e68d6e838d9dbc7e,Public HTTP GET; bounded concurrency=3,2026-09-13T14:47:49.273607+00:00,,,,,,200,External public/http-observations.json sanitized headers,PR05 migration/replacement/preview/probe contract,ACCESS_BLOCKED,UNKNOWN,NOT_COMPLETED,
https://dentix.ua/sitemap.xml,302,https://dentix.ua/wp-sitemap.xml,UNKNOWN: HTTP/source observation only,NOT_OBSERVED,NOT_OBSERVED,See external public evidence,NOT_CHECKED,NOT_CHECKED,NOT_CAPTURED_IN_STATUS_AUDIT,NOT_CAPTURED_IN_STATUS_AUDIT,NOT_CHECKED,false,PR05 source status audit only; no GSC or account access. SHA-256 8d9d09461582384881937a1f113fa55513a30328259d7b48e68d6e838d9dbc7e,Public HTTP GET; bounded concurrency=3,2026-09-13T14:47:51.936743+00:00,,,,,,200,External public/http-observations.json sanitized headers,PR05 migration/replacement/preview/probe contract,ACCESS_BLOCKED,UNKNOWN,NOT_COMPLETED,
https://dentix.ua/sitemap_index.xml,404,,UNKNOWN: HTTP/source observation only,max-image-preview:large,NOT_OBSERVED,See external public evidence,NOT_CHECKED,NOT_CHECKED,NOT_CAPTURED_IN_STATUS_AUDIT,NOT_CAPTURED_IN_STATUS_AUDIT,NOT_CHECKED,false,PR05 source status audit only; no GSC or account access. SHA-256 4ec8cf99341ce9d2bf1cdaa2169ae4556d80a50e1829a5f88c1d11b4f8b82668,Public HTTP GET; bounded concurrency=3,2026-09-13T14:47:52.273398+00:00,,,,,,404,External public/http-observations.json sanitized headers,PR05 migration/replacement/preview/probe contract,ACCESS_BLOCKED,UNKNOWN,NOT_COMPLETED,
https://dentix.ua/implantatsiya/,200,,UNKNOWN: HTTP/source observation only,max-image-preview:large,https://dentix.ua/implantatsiya/,See external public evidence,NOT_CHECKED,NOT_CHECKED,NOT_CAPTURED_IN_STATUS_AUDIT,NOT_CAPTURED_IN_STATUS_AUDIT,NOT_CHECKED,false,PR05 source status audit only; no GSC or account access. SHA-256 1d816cfbd3d2830838cef9006560841bb1ad25933da1d967c76c025a659c3a36,Public HTTP GET; bounded concurrency=3,2026-09-13T14:47:52.737407+00:00,,,,,,200,External public/http-observations.json sanitized headers,PR05 migration/replacement/preview/probe contract,ACCESS_BLOCKED,UNKNOWN,NOT_COMPLETED,
https://dentix.ua/protezirovanie/,200,,UNKNOWN: HTTP/source observation only,max-image-preview:large,https://dentix.ua/protezirovanie/,See external public evidence,NOT_CHECKED,NOT_CHECKED,NOT_CAPTURED_IN_STATUS_AUDIT,NOT_CAPTURED_IN_STATUS_AUDIT,NOT_CHECKED,false,PR05 source status audit only; no GSC or account access. SHA-256 a473c7cde0c251d69769a9437bfdcb37f3ee5b750bd269de07b5a022d931ed71,Public HTTP GET; bounded concurrency=3,2026-09-13T14:47:53.792793+00:00,,,,,,200,External public/http-observations.json sanitized headers,PR05 migration/replacement/preview/probe contract,ACCESS_BLOCKED,UNKNOWN,NOT_COMPLETED,
https://dentix.ua/lechenie-pod-mikroskopom/,200,,UNKNOWN: HTTP/source observation only,max-image-preview:large,https://dentix.ua/lechenie-pod-mikroskopom/,See external public evidence,NOT_CHECKED,NOT_CHECKED,NOT_CAPTURED_IN_STATUS_AUDIT,NOT_CAPTURED_IN_STATUS_AUDIT,NOT_CHECKED,false,PR05 source status audit only; no GSC or account access. SHA-256 272e03ad28ad55e7002aa2b5bbf5c56db78dfac57be1ebbeb51bc0179f9c65a2,Public HTTP GET; bounded concurrency=3,2026-09-13T14:47:54.344878+00:00,,,,,,200,External public/http-observations.json sanitized headers,PR05 migration/replacement/preview/probe contract,ACCESS_BLOCKED,UNKNOWN,NOT_COMPLETED,
https://dentix.ua/wp-sitemap-posts-post-1.xml,200,,UNKNOWN: HTTP/source observation only,NOT_OBSERVED,NOT_OBSERVED,See external public evidence,NOT_CHECKED,NOT_CHECKED,NOT_CAPTURED_IN_STATUS_AUDIT,NOT_CAPTURED_IN_STATUS_AUDIT,NOT_CHECKED,false,PR05 source status audit only; no GSC or account access. SHA-256 824864b817b7844f51a276391da01d7d3212a7bf595f6135dc824a41edf15794,Public HTTP GET; bounded concurrency=3,2026-09-13T14:47:54.685370+00:00,,,,,,200,External public/http-observations.json sanitized headers,PR05 migration/replacement/preview/probe contract,ACCESS_BLOCKED,UNKNOWN,NOT_COMPLETED,
https://dentix.ua/wp-sitemap-posts-page-1.xml,200,,UNKNOWN: HTTP/source observation only,NOT_OBSERVED,NOT_OBSERVED,See external public evidence,NOT_CHECKED,NOT_CHECKED,NOT_CAPTURED_IN_STATUS_AUDIT,NOT_CAPTURED_IN_STATUS_AUDIT,NOT_CHECKED,false,PR05 source status audit only; no GSC or account access. SHA-256 64a1c8b59a438eb0f3766c1eda9fd99558cb19bad2d084c08721e91e60d7da10,Public HTTP GET; bounded concurrency=3,2026-09-13T14:47:54.981555+00:00,,,,,,200,External public/http-observations.json sanitized headers,PR05 migration/replacement/preview/probe contract,ACCESS_BLOCKED,UNKNOWN,NOT_COMPLETED,
https://dentix.ua/wp-sitemap-taxonomies-category-1.xml,200,,UNKNOWN: HTTP/source observation only,NOT_OBSERVED,NOT_OBSERVED,See external public evidence,NOT_CHECKED,NOT_CHECKED,NOT_CAPTURED_IN_STATUS_AUDIT,NOT_CAPTURED_IN_STATUS_AUDIT,NOT_CHECKED,false,PR05 source status audit only; no GSC or account access. SHA-256 85987d649c4094a07fcd1bdfcb76dfb3915bab6c4c8e55c6d02aad314a64eb9a,Public HTTP GET; bounded concurrency=3,2026-09-13T14:47:55.293465+00:00,,,,,,200,External public/http-observations.json sanitized headers,PR05 migration/replacement/preview/probe contract,ACCESS_BLOCKED,UNKNOWN,NOT_COMPLETED,
https://dentix.ua/wp-sitemap-users-1.xml,200,,UNKNOWN: HTTP/source observation only,NOT_OBSERVED,NOT_OBSERVED,See external public evidence,NOT_CHECKED,NOT_CHECKED,NOT_CAPTURED_IN_STATUS_AUDIT,NOT_CAPTURED_IN_STATUS_AUDIT,NOT_CHECKED,false,PR05 source status audit only; no GSC or account access. SHA-256 19ab5b4b1937b4b709e9d4084fe3a8f09e3ea8e7fe10f14934e147600eec1cb2,Public HTTP GET; bounded concurrency=3,2026-09-13T14:47:55.570173+00:00,,,,,,200,External public/http-observations.json sanitized headers,PR05 migration/replacement/preview/probe contract,ACCESS_BLOCKED,UNKNOWN,NOT_COMPLETED,
https://dentix.ua/2021/04/08/privet-mir/,200,,UNKNOWN: HTTP/source observation only,max-image-preview:large,https://dentix.ua/2021/04/08/privet-mir/,See external public evidence,NOT_CHECKED,NOT_CHECKED,NOT_CAPTURED_IN_STATUS_AUDIT,NOT_CAPTURED_IN_STATUS_AUDIT,NOT_CHECKED,false,PR05 source status audit only; no GSC or account access. SHA-256 f4c43e1f62030b657585e9b663599151daaf81da3f8fdd2e22a50b5eaac2d00b,Public HTTP GET; bounded concurrency=3,2026-09-13T14:47:55.575034+00:00,,,,,,200,External public/http-observations.json sanitized headers,PR05 migration/replacement/preview/probe contract,ACCESS_BLOCKED,UNKNOWN,NOT_COMPLETED,
https://dentix.ua/sayt-nahoditsya-na-tehnicheskom-obsluzh/,200,,UNKNOWN: HTTP/source observation only,max-image-preview:large,https://dentix.ua/sayt-nahoditsya-na-tehnicheskom-obsluzh/,See external public evidence,NOT_CHECKED,NOT_CHECKED,NOT_CAPTURED_IN_STATUS_AUDIT,NOT_CAPTURED_IN_STATUS_AUDIT,NOT_CHECKED,false,PR05 source status audit only; no GSC or account access. SHA-256 d3072b89cbb7011312e01b9b9d3dacca46d4dd76608f4f18acec308d7c83e0fa,Public HTTP GET; bounded concurrency=3,2026-09-13T14:47:55.989172+00:00,,,,,,200,External public/http-observations.json sanitized headers,PR05 migration/replacement/preview/probe contract,ACCESS_BLOCKED,UNKNOWN,NOT_COMPLETED,
https://dentix.ua/otzyivyi/,200,,UNKNOWN: HTTP/source observation only,max-image-preview:large,https://dentix.ua/otzyivyi/,See external public evidence,NOT_CHECKED,NOT_CHECKED,NOT_CAPTURED_IN_STATUS_AUDIT,NOT_CAPTURED_IN_STATUS_AUDIT,NOT_CHECKED,false,PR05 source status audit only; no GSC or account access. SHA-256 00b00af8dfca328bf96996b2bb0542954ad48f16aec29a3f65a65f0b029ad2c3,Public HTTP GET; bounded concurrency=3,2026-09-13T14:47:56.134579+00:00,,,,,,200,External public/http-observations.json sanitized headers,PR05 migration/replacement/preview/probe contract,ACCESS_BLOCKED,UNKNOWN,NOT_COMPLETED,
https://dentix.ua/category/bez-rubriki/,200,,UNKNOWN: HTTP/source observation only,max-image-preview:large,NOT_OBSERVED,See external public evidence,NOT_CHECKED,NOT_CHECKED,NOT_CAPTURED_IN_STATUS_AUDIT,NOT_CAPTURED_IN_STATUS_AUDIT,NOT_CHECKED,false,PR05 source status audit only; no GSC or account access. SHA-256 e28376eff3149a4a5a3035b607c58c9dd55d3d4437d3855ec7d9aef461d54d5d,Public HTTP GET; bounded concurrency=3,2026-09-13T14:47:56.406831+00:00,,,,,,200,External public/http-observations.json sanitized headers,PR05 migration/replacement/preview/probe contract,ACCESS_BLOCKED,UNKNOWN,NOT_COMPLETED,
https://dentix.ua/author/newdentix/,200,,UNKNOWN: HTTP/source observation only,max-image-preview:large,NOT_OBSERVED,See external public evidence,NOT_CHECKED,NOT_CHECKED,NOT_CAPTURED_IN_STATUS_AUDIT,NOT_CAPTURED_IN_STATUS_AUDIT,NOT_CHECKED,false,PR05 source status audit only; no GSC or account access. SHA-256 4525b979dd6fd4759b665fb808a3deec6486ed99f01f0ba777ad02e87a8043d5,Public HTTP GET; bounded concurrency=3,2026-09-13T14:47:56.902199+00:00,,,,,,200,External public/http-observations.json sanitized headers,PR05 migration/replacement/preview/probe contract,ACCESS_BLOCKED,UNKNOWN,NOT_COMPLETED,
https://dentix.ua/2021/04/08/privet-mir/feed/,200,,UNKNOWN: HTTP/source observation only,NOT_OBSERVED,NOT_OBSERVED,See external public evidence,NOT_CHECKED,NOT_CHECKED,NOT_CAPTURED_IN_STATUS_AUDIT,NOT_CAPTURED_IN_STATUS_AUDIT,NOT_CHECKED,false,PR05 source status audit only; no GSC or account access. SHA-256 c698287b7074f1a37b7f9f3db618ea6e79962249be46687c31ba7985df0f2932,Public HTTP GET; bounded concurrency=3,2026-09-13T14:47:56.958146+00:00,,,,,,200,External public/http-observations.json sanitized headers,PR05 migration/replacement/preview/probe contract,ACCESS_BLOCKED,UNKNOWN,NOT_COMPLETED,
https://dentix.ua/author/newdentix/feed/,200,,UNKNOWN: HTTP/source observation only,NOT_OBSERVED,NOT_OBSERVED,See external public evidence,NOT_CHECKED,NOT_CHECKED,NOT_CAPTURED_IN_STATUS_AUDIT,NOT_CAPTURED_IN_STATUS_AUDIT,NOT_CHECKED,false,PR05 source status audit only; no GSC or account access. SHA-256 10b7e9b33680c9c03788359348d4d24af5569abbce655ef4c9892a79d412120d,Public HTTP GET; bounded concurrency=3,2026-09-13T14:47:57.405754+00:00,,,,,,200,External public/http-observations.json sanitized headers,PR05 migration/replacement/preview/probe contract,ACCESS_BLOCKED,UNKNOWN,NOT_COMPLETED,
https://dentix.ua/category/bez-rubriki/feed/,200,,UNKNOWN: HTTP/source observation only,NOT_OBSERVED,NOT_OBSERVED,See external public evidence,NOT_CHECKED,NOT_CHECKED,NOT_CAPTURED_IN_STATUS_AUDIT,NOT_CAPTURED_IN_STATUS_AUDIT,NOT_CHECKED,false,PR05 source status audit only; no GSC or account access. SHA-256 e7bbaf5cdd691ab4526e0070d6db4e65adf01ea205d764266e68b032e86a1b77,Public HTTP GET; bounded concurrency=3,2026-09-13T14:47:57.748431+00:00,,,,,,200,External public/http-observations.json sanitized headers,PR05 migration/replacement/preview/probe contract,ACCESS_BLOCKED,UNKNOWN,NOT_COMPLETED,
https://dentix.ua/comments/feed/,200,,UNKNOWN: HTTP/source observation only,NOT_OBSERVED,NOT_OBSERVED,See external public evidence,NOT_CHECKED,NOT_CHECKED,NOT_CAPTURED_IN_STATUS_AUDIT,NOT_CAPTURED_IN_STATUS_AUDIT,NOT_CHECKED,false,PR05 source status audit only; no GSC or account access. SHA-256 3f0c358123645ecc452bd1ca3b90e0bfadcaba16b8f79e5e9419261fc0509840,Public HTTP GET; bounded concurrency=3,2026-09-13T14:47:57.793029+00:00,,,,,,200,External public/http-observations.json sanitized headers,PR05 migration/replacement/preview/probe contract,ACCESS_BLOCKED,UNKNOWN,NOT_COMPLETED,
https://dentix.ua/elementor-5/feed/,200,,UNKNOWN: HTTP/source observation only,NOT_OBSERVED,NOT_OBSERVED,See external public evidence,NOT_CHECKED,NOT_CHECKED,NOT_CAPTURED_IN_STATUS_AUDIT,NOT_CAPTURED_IN_STATUS_AUDIT,NOT_CHECKED,false,PR05 source status audit only; no GSC or account access. SHA-256 81aa6ef44e1a9918a6210f59e85b12b76eb54c289ae5f9f67bb7bd7efe1eeca3,Public HTTP GET; bounded concurrency=3,2026-09-13T14:47:57.988094+00:00,,,,,,200,External public/http-observations.json sanitized headers,PR05 migration/replacement/preview/probe contract,ACCESS_BLOCKED,UNKNOWN,NOT_COMPLETED,
https://dentix.ua/feed/,200,,UNKNOWN: HTTP/source observation only,NOT_OBSERVED,NOT_OBSERVED,See external public evidence,NOT_CHECKED,NOT_CHECKED,NOT_CAPTURED_IN_STATUS_AUDIT,NOT_CAPTURED_IN_STATUS_AUDIT,NOT_CHECKED,false,PR05 source status audit only; no GSC or account access. SHA-256 829769693b97e06a0d6bdc7315947fdc1d35d3229a50fdcf9f8079565c01b0e8,Public HTTP GET; bounded concurrency=3,2026-09-13T14:47:58.398809+00:00,,,,,,200,External public/http-observations.json sanitized headers,PR05 migration/replacement/preview/probe contract,ACCESS_BLOCKED,UNKNOWN,NOT_COMPLETED,
https://dentix.ua/otzyivyi/feed/,200,,UNKNOWN: HTTP/source observation only,NOT_OBSERVED,NOT_OBSERVED,See external public evidence,NOT_CHECKED,NOT_CHECKED,NOT_CAPTURED_IN_STATUS_AUDIT,NOT_CAPTURED_IN_STATUS_AUDIT,NOT_CHECKED,false,PR05 source status audit only; no GSC or account access. SHA-256 f0681cad26bd27e0ffb35388e9fbeea72d0de39115a1860a5cd510f9e2a70666,Public HTTP GET; bounded concurrency=3,2026-09-13T14:47:58.493812+00:00,,,,,,200,External public/http-observations.json sanitized headers,PR05 migration/replacement/preview/probe contract,ACCESS_BLOCKED,UNKNOWN,NOT_COMPLETED,
https://www.dentix.ua/,301,https://dentix.ua/,UNKNOWN: HTTP/source observation only,max-image-preview:large,https://dentix.ua/,See external public evidence,NOT_CHECKED,NOT_CHECKED,NOT_CAPTURED_IN_STATUS_AUDIT,NOT_CAPTURED_IN_STATUS_AUDIT,NOT_CHECKED,false,PR05 source status audit only; no GSC or account access. SHA-256 102ba53d4631b0873acc7b5f575216c07b3055ab673cc5d201551521098d2e7b,Public HTTP GET; bounded concurrency=3,2026-09-13T14:47:58.611420+00:00,,,,,,200,External public/http-observations.json sanitized headers,PR05 migration/replacement/preview/probe contract,ACCESS_BLOCKED,UNKNOWN,NOT_COMPLETED,
http://dentix.ua/,301,https://dentix.ua/,UNKNOWN: HTTP/source observation only,max-image-preview:large,https://dentix.ua/,See external public evidence,NOT_CHECKED,NOT_CHECKED,NOT_CAPTURED_IN_STATUS_AUDIT,NOT_CAPTURED_IN_STATUS_AUDIT,NOT_CHECKED,false,PR05 source status audit only; no GSC or account access. SHA-256 102ba53d4631b0873acc7b5f575216c07b3055ab673cc5d201551521098d2e7b,Public HTTP GET; bounded concurrency=3,2026-09-13T14:47:59.069752+00:00,,,,,,200,External public/http-observations.json sanitized headers,PR05 migration/replacement/preview/probe contract,ACCESS_BLOCKED,UNKNOWN,NOT_COMPLETED,
https://dentix.ua/wp-content/uploads/2024/03/Logo_cu.png,200,,UNKNOWN: HTTP/source observation only,NOT_OBSERVED,NOT_OBSERVED,See external public evidence,NOT_CHECKED,NOT_CHECKED,NOT_CAPTURED_IN_STATUS_AUDIT,NOT_CAPTURED_IN_STATUS_AUDIT,NOT_CHECKED,false,PR05 source status audit only; no GSC or account access. SHA-256 95385f658816660e9f5a390000f035d96c015c346da3a26199c76cb303fc6e6d,Public HTTP GET; bounded concurrency=3,2026-09-13T14:47:59.196928+00:00,,,,,,200,External public/http-observations.json sanitized headers,PR05 migration/replacement/preview/probe contract,ACCESS_BLOCKED,UNKNOWN,NOT_COMPLETED,
https://dentix.ua/wp-content/uploads/2021/04/14_150-150x150.png,200,,UNKNOWN: HTTP/source observation only,NOT_OBSERVED,NOT_OBSERVED,See external public evidence,NOT_CHECKED,NOT_CHECKED,NOT_CAPTURED_IN_STATUS_AUDIT,NOT_CAPTURED_IN_STATUS_AUDIT,NOT_CHECKED,false,PR05 source status audit only; no GSC or account access. SHA-256 3463c0f8fd187dabdd278058296cf918cc0b0ed8a73c1e4e332d6f7f47cf08fe,Public HTTP GET; bounded concurrency=3,2026-09-13T14:47:59.326460+00:00,,,,,,200,External public/http-observations.json sanitized headers,PR05 migration/replacement/preview/probe contract,ACCESS_BLOCKED,UNKNOWN,NOT_COMPLETED,
https://dentix.ua/wp-content/uploads/2021/04/13_150-150x150.png,200,,UNKNOWN: HTTP/source observation only,NOT_OBSERVED,NOT_OBSERVED,See external public evidence,NOT_CHECKED,NOT_CHECKED,NOT_CAPTURED_IN_STATUS_AUDIT,NOT_CAPTURED_IN_STATUS_AUDIT,NOT_CHECKED,false,PR05 source status audit only; no GSC or account access. SHA-256 7935b37290299b1ab37839751b41143ebc3095c9b2ff759d8c00980cc2f951d1,Public HTTP GET; bounded concurrency=3,2026-09-13T14:47:59.410886+00:00,,,,,,200,External public/http-observations.json sanitized headers,PR05 migration/replacement/preview/probe contract,ACCESS_BLOCKED,UNKNOWN,NOT_COMPLETED,
https://dentix.ua/wp-content/uploads/2021/04/15_150-150x150.png,200,,UNKNOWN: HTTP/source observation only,NOT_OBSERVED,NOT_OBSERVED,See external public evidence,NOT_CHECKED,NOT_CHECKED,NOT_CAPTURED_IN_STATUS_AUDIT,NOT_CAPTURED_IN_STATUS_AUDIT,NOT_CHECKED,false,PR05 source status audit only; no GSC or account access. SHA-256 b75390d3365831578312c51108238f00ee4b0de687e5b300e22daf1d5a7af851,Public HTTP GET; bounded concurrency=3,2026-09-13T14:47:59.491268+00:00,,,,,,200,External public/http-observations.json sanitized headers,PR05 migration/replacement/preview/probe contract,ACCESS_BLOCKED,UNKNOWN,NOT_COMPLETED,
https://dentix.ua/wp-content/uploads/2024/05/20240405_123140_300-169x300.jpg,200,,UNKNOWN: HTTP/source observation only,NOT_OBSERVED,NOT_OBSERVED,See external public evidence,NOT_CHECKED,NOT_CHECKED,NOT_CAPTURED_IN_STATUS_AUDIT,NOT_CAPTURED_IN_STATUS_AUDIT,NOT_CHECKED,false,PR05 source status audit only; no GSC or account access. SHA-256 6dd0d0f63af49f035ccd9d5a5d9f71aab3f4dd32a13da93454f26787726f350e,Public HTTP GET; bounded concurrency=3,2026-09-13T14:47:59.581501+00:00,,,,,,200,External public/http-observations.json sanitized headers,PR05 migration/replacement/preview/probe contract,ACCESS_BLOCKED,UNKNOWN,NOT_COMPLETED,
https://dentix.ua/wp-content/uploads/2024/05/20240405_105221_300-169x300.jpg,200,,UNKNOWN: HTTP/source observation only,NOT_OBSERVED,NOT_OBSERVED,See external public evidence,NOT_CHECKED,NOT_CHECKED,NOT_CAPTURED_IN_STATUS_AUDIT,NOT_CAPTURED_IN_STATUS_AUDIT,NOT_CHECKED,false,PR05 source status audit only; no GSC or account access. SHA-256 33aec01a5d01ed540b079697e547f15e04755c42bf38a5bfc83a7fb2ad565d0f,Public HTTP GET; bounded concurrency=3,2026-09-13T14:47:59.666226+00:00,,,,,,200,External public/http-observations.json sanitized headers,PR05 migration/replacement/preview/probe contract,ACCESS_BLOCKED,UNKNOWN,NOT_COMPLETED,
https://dentix.ua/wp-content/uploads/2024/05/20240405_105452_300-169x300.jpg,200,,UNKNOWN: HTTP/source observation only,NOT_OBSERVED,NOT_OBSERVED,See external public evidence,NOT_CHECKED,NOT_CHECKED,NOT_CAPTURED_IN_STATUS_AUDIT,NOT_CAPTURED_IN_STATUS_AUDIT,NOT_CHECKED,false,PR05 source status audit only; no GSC or account access. SHA-256 59b5d30344c906da3c8d4ae8ef6530ac8a28a8295ff49aef8e0a6d2cd053ad26,Public HTTP GET; bounded concurrency=3,2026-09-13T14:47:59.749874+00:00,,,,,,200,External public/http-observations.json sanitized headers,PR05 migration/replacement/preview/probe contract,ACCESS_BLOCKED,UNKNOWN,NOT_COMPLETED,
https://dentix.ua/wp-content/uploads/2024/05/20240405_105121_300-169x300.jpg,200,,UNKNOWN: HTTP/source observation only,NOT_OBSERVED,NOT_OBSERVED,See external public evidence,NOT_CHECKED,NOT_CHECKED,NOT_CAPTURED_IN_STATUS_AUDIT,NOT_CAPTURED_IN_STATUS_AUDIT,NOT_CHECKED,false,PR05 source status audit only; no GSC or account access. SHA-256 b206677acaae6ac9e7968e92fe1b33ba39f8e903b69738f4f9f3bb6a43c761fa,Public HTTP GET; bounded concurrency=3,2026-09-13T14:47:59.856689+00:00,,,,,,200,External public/http-observations.json sanitized headers,PR05 migration/replacement/preview/probe contract,ACCESS_BLOCKED,UNKNOWN,NOT_COMPLETED,
https://dentix.ua/wp-content/uploads/2021/04/sert10-215x300.jpg,200,,UNKNOWN: HTTP/source observation only,NOT_OBSERVED,NOT_OBSERVED,See external public evidence,NOT_CHECKED,NOT_CHECKED,NOT_CAPTURED_IN_STATUS_AUDIT,NOT_CAPTURED_IN_STATUS_AUDIT,NOT_CHECKED,false,PR05 source status audit only; no GSC or account access. SHA-256 a3dd529cf47af850ba3c2b0abd8f559dccc36b52dccfde883dd5f4b47b0f342d,Public HTTP GET; bounded concurrency=3,2026-09-13T14:47:59.956224+00:00,,,,,,200,External public/http-observations.json sanitized headers,PR05 migration/replacement/preview/probe contract,ACCESS_BLOCKED,UNKNOWN,NOT_COMPLETED,
https://dentix.ua/wp-content/uploads/2021/04/sert9-213x300.jpg,200,,UNKNOWN: HTTP/source observation only,NOT_OBSERVED,NOT_OBSERVED,See external public evidence,NOT_CHECKED,NOT_CHECKED,NOT_CAPTURED_IN_STATUS_AUDIT,NOT_CAPTURED_IN_STATUS_AUDIT,NOT_CHECKED,false,PR05 source status audit only; no GSC or account access. SHA-256 3fc24361b4dee270e05f21c02a569bcfed06ae31883a3527c60eba2a99d098ff,Public HTTP GET; bounded concurrency=3,2026-09-13T14:48:00.037993+00:00,,,,,,200,External public/http-observations.json sanitized headers,PR05 migration/replacement/preview/probe contract,ACCESS_BLOCKED,UNKNOWN,NOT_COMPLETED,
https://dentix.ua/wp-content/uploads/2021/04/sert8-208x300.jpg,200,,UNKNOWN: HTTP/source observation only,NOT_OBSERVED,NOT_OBSERVED,See external public evidence,NOT_CHECKED,NOT_CHECKED,NOT_CAPTURED_IN_STATUS_AUDIT,NOT_CAPTURED_IN_STATUS_AUDIT,NOT_CHECKED,false,PR05 source status audit only; no GSC or account access. SHA-256 dcc7a8070243d9478c1959d8caaa5e21ac6b080b85a4f0e2fbdf6d1dd7d85f24,Public HTTP GET; bounded concurrency=3,2026-09-13T14:48:00.116130+00:00,,,,,,200,External public/http-observations.json sanitized headers,PR05 migration/replacement/preview/probe contract,ACCESS_BLOCKED,UNKNOWN,NOT_COMPLETED,
https://dentix.ua/wp-content/uploads/2021/04/sert7-203x300.jpg,200,,UNKNOWN: HTTP/source observation only,NOT_OBSERVED,NOT_OBSERVED,See external public evidence,NOT_CHECKED,NOT_CHECKED,NOT_CAPTURED_IN_STATUS_AUDIT,NOT_CAPTURED_IN_STATUS_AUDIT,NOT_CHECKED,false,PR05 source status audit only; no GSC or account access. SHA-256 ccb0fd0b787ced5c0a009fa7842dab20b91cc6a600835fabaf1c87718861fe80,Public HTTP GET; bounded concurrency=3,2026-09-13T14:48:00.121218+00:00,,,,,,200,External public/http-observations.json sanitized headers,PR05 migration/replacement/preview/probe contract,ACCESS_BLOCKED,UNKNOWN,NOT_COMPLETED,
https://dentix.ua/wp-content/uploads/2021/04/sert6-300x213.jpg,200,,UNKNOWN: HTTP/source observation only,NOT_OBSERVED,NOT_OBSERVED,See external public evidence,NOT_CHECKED,NOT_CHECKED,NOT_CAPTURED_IN_STATUS_AUDIT,NOT_CAPTURED_IN_STATUS_AUDIT,NOT_CHECKED,false,PR05 source status audit only; no GSC or account access. SHA-256 8b4a635abb4a842377e1fbf382225d863a59031682d94ce34b60d1eb4cce65e1,Public HTTP GET; bounded concurrency=3,2026-09-13T14:48:00.198352+00:00,,,,,,200,External public/http-observations.json sanitized headers,PR05 migration/replacement/preview/probe contract,ACCESS_BLOCKED,UNKNOWN,NOT_COMPLETED,
https://dentix.ua/wp-content/uploads/2021/04/sert5-211x300.jpg,200,,UNKNOWN: HTTP/source observation only,NOT_OBSERVED,NOT_OBSERVED,See external public evidence,NOT_CHECKED,NOT_CHECKED,NOT_CAPTURED_IN_STATUS_AUDIT,NOT_CAPTURED_IN_STATUS_AUDIT,NOT_CHECKED,false,PR05 source status audit only; no GSC or account access. SHA-256 04abcbcf6449bfb06277eb7dd92fc8c58219428bfbc860ff0b280c1f1b82a968,Public HTTP GET; bounded concurrency=3,2026-09-13T14:48:00.205917+00:00,,,,,,200,External public/http-observations.json sanitized headers,PR05 migration/replacement/preview/probe contract,ACCESS_BLOCKED,UNKNOWN,NOT_COMPLETED,
https://dentix.ua/wp-content/uploads/2021/04/sert4-212x300.jpg,200,,UNKNOWN: HTTP/source observation only,NOT_OBSERVED,NOT_OBSERVED,See external public evidence,NOT_CHECKED,NOT_CHECKED,NOT_CAPTURED_IN_STATUS_AUDIT,NOT_CAPTURED_IN_STATUS_AUDIT,NOT_CHECKED,false,PR05 source status audit only; no GSC or account access. SHA-256 fee4be9ee91fd07f3e7a4dd96c987b88fe2ed99f7743a87cc26573049791fab4,Public HTTP GET; bounded concurrency=3,2026-09-13T14:48:00.271254+00:00,,,,,,200,External public/http-observations.json sanitized headers,PR05 migration/replacement/preview/probe contract,ACCESS_BLOCKED,UNKNOWN,NOT_COMPLETED,
https://dentix.ua/wp-content/uploads/2021/04/sert3-212x300.jpg,200,,UNKNOWN: HTTP/source observation only,NOT_OBSERVED,NOT_OBSERVED,See external public evidence,NOT_CHECKED,NOT_CHECKED,NOT_CAPTURED_IN_STATUS_AUDIT,NOT_CAPTURED_IN_STATUS_AUDIT,NOT_CHECKED,false,PR05 source status audit only; no GSC or account access. SHA-256 8108bfddd8d67dca2b4ac90700405c40ac23cd1cc746facbc0fd416fa5e902a9,Public HTTP GET; bounded concurrency=3,2026-09-13T14:48:00.300454+00:00,,,,,,200,External public/http-observations.json sanitized headers,PR05 migration/replacement/preview/probe contract,ACCESS_BLOCKED,UNKNOWN,NOT_COMPLETED,
https://dentix.ua/wp-content/uploads/2021/04/sert2-214x300.jpg,200,,UNKNOWN: HTTP/source observation only,NOT_OBSERVED,NOT_OBSERVED,See external public evidence,NOT_CHECKED,NOT_CHECKED,NOT_CAPTURED_IN_STATUS_AUDIT,NOT_CAPTURED_IN_STATUS_AUDIT,NOT_CHECKED,false,PR05 source status audit only; no GSC or account access. SHA-256 a656780ac5e9e7d38855c6b00fd48c00c918a0c1fc7f975d63e2f79a90e755e0,Public HTTP GET; bounded concurrency=3,2026-09-13T14:48:00.307969+00:00,,,,,,200,External public/http-observations.json sanitized headers,PR05 migration/replacement/preview/probe contract,ACCESS_BLOCKED,UNKNOWN,NOT_COMPLETED,
https://dentix.ua/wp-content/uploads/2021/04/sert1-216x300.jpg,200,,UNKNOWN: HTTP/source observation only,NOT_OBSERVED,NOT_OBSERVED,See external public evidence,NOT_CHECKED,NOT_CHECKED,NOT_CAPTURED_IN_STATUS_AUDIT,NOT_CAPTURED_IN_STATUS_AUDIT,NOT_CHECKED,false,PR05 source status audit only; no GSC or account access. SHA-256 5c0df932f40b110bdb04fcab7f47336838a8a1c76d78654a0e433f1221ad92a4,Public HTTP GET; bounded concurrency=3,2026-09-13T14:48:00.380232+00:00,,,,,,200,External public/http-observations.json sanitized headers,PR05 migration/replacement/preview/probe contract,ACCESS_BLOCKED,UNKNOWN,NOT_COMPLETED,
https://dentix.ua/wp-content/uploads/2021/04/Stas.jpg,200,,UNKNOWN: HTTP/source observation only,NOT_OBSERVED,NOT_OBSERVED,See external public evidence,NOT_CHECKED,NOT_CHECKED,NOT_CAPTURED_IN_STATUS_AUDIT,NOT_CAPTURED_IN_STATUS_AUDIT,NOT_CHECKED,false,PR05 source status audit only; no GSC or account access. SHA-256 61e3e6dd340907d0582fc0f5883c5ff5216a8e45712b2e68fddc22ccbd48da21,Public HTTP GET; bounded concurrency=3,2026-09-13T14:48:00.402256+00:00,,,,,,200,External public/http-observations.json sanitized headers,PR05 migration/replacement/preview/probe contract,ACCESS_BLOCKED,UNKNOWN,NOT_COMPLETED,
https://dentix.ua/wp-content/uploads/2024/05/20240405_123140_300.jpg,200,,UNKNOWN: HTTP/source observation only,NOT_OBSERVED,NOT_OBSERVED,See external public evidence,NOT_CHECKED,NOT_CHECKED,NOT_CAPTURED_IN_STATUS_AUDIT,NOT_CAPTURED_IN_STATUS_AUDIT,NOT_CHECKED,false,PR05 source status audit only; no GSC or account access. SHA-256 a17096d141b8464294d8284bf7e874a7073a3f66df18ee4e6ca910e1dc7f173d,Public HTTP GET; bounded concurrency=3,2026-09-13T14:48:00.411463+00:00,,,,,,200,External public/http-observations.json sanitized headers,PR05 migration/replacement/preview/probe contract,ACCESS_BLOCKED,UNKNOWN,NOT_COMPLETED,
https://dentix.ua/wp-content/uploads/2024/05/20240405_105221_300.jpg,200,,UNKNOWN: HTTP/source observation only,NOT_OBSERVED,NOT_OBSERVED,See external public evidence,NOT_CHECKED,NOT_CHECKED,NOT_CAPTURED_IN_STATUS_AUDIT,NOT_CAPTURED_IN_STATUS_AUDIT,NOT_CHECKED,false,PR05 source status audit only; no GSC or account access. SHA-256 77e110bb897516af6ba4851518f157bf4b4c812a31c03f23ddedb4305c0ccb6f,Public HTTP GET; bounded concurrency=3,2026-09-13T14:48:00.479247+00:00,,,,,,200,External public/http-observations.json sanitized headers,PR05 migration/replacement/preview/probe contract,ACCESS_BLOCKED,UNKNOWN,NOT_COMPLETED,
https://dentix.ua/wp-content/uploads/2024/05/20240405_105452_300.jpg,200,,UNKNOWN: HTTP/source observation only,NOT_OBSERVED,NOT_OBSERVED,See external public evidence,NOT_CHECKED,NOT_CHECKED,NOT_CAPTURED_IN_STATUS_AUDIT,NOT_CAPTURED_IN_STATUS_AUDIT,NOT_CHECKED,false,PR05 source status audit only; no GSC or account access. SHA-256 589c66a1ac0361bb3dfe26df318f9c2058480a2d7179e1f67f2499ea0a14f981,Public HTTP GET; bounded concurrency=3,2026-09-13T14:48:00.508911+00:00,,,,,,200,External public/http-observations.json sanitized headers,PR05 migration/replacement/preview/probe contract,ACCESS_BLOCKED,UNKNOWN,NOT_COMPLETED,
https://dentix.ua/wp-content/uploads/2024/05/20240405_105121_300.jpg,200,,UNKNOWN: HTTP/source observation only,NOT_OBSERVED,NOT_OBSERVED,See external public evidence,NOT_CHECKED,NOT_CHECKED,NOT_CAPTURED_IN_STATUS_AUDIT,NOT_CAPTURED_IN_STATUS_AUDIT,NOT_CHECKED,false,PR05 source status audit only; no GSC or account access. SHA-256 d088c62b4b9de31fdbffc055c149a79decc7c32e33f8c64c2e18bb7c7ac6b733,Public HTTP GET; bounded concurrency=3,2026-09-13T14:48:00.540094+00:00,,,,,,200,External public/http-observations.json sanitized headers,PR05 migration/replacement/preview/probe contract,ACCESS_BLOCKED,UNKNOWN,NOT_COMPLETED,
https://dentix.ua/wp-content/uploads/2021/04/sert10.jpg,200,,UNKNOWN: HTTP/source observation only,NOT_OBSERVED,NOT_OBSERVED,See external public evidence,NOT_CHECKED,NOT_CHECKED,NOT_CAPTURED_IN_STATUS_AUDIT,NOT_CAPTURED_IN_STATUS_AUDIT,NOT_CHECKED,false,PR05 source status audit only; no GSC or account access. SHA-256 25fd98a29eae7a1905b91b81bd85a523dd8677988b323d8e53bea2f0759c5bdc,Public HTTP GET; bounded concurrency=3,2026-09-13T14:48:00.576732+00:00,,,,,,200,External public/http-observations.json sanitized headers,PR05 migration/replacement/preview/probe contract,ACCESS_BLOCKED,UNKNOWN,NOT_COMPLETED,
https://dentix.ua/wp-content/uploads/2021/04/sert9.jpg,200,,UNKNOWN: HTTP/source observation only,NOT_OBSERVED,NOT_OBSERVED,See external public evidence,NOT_CHECKED,NOT_CHECKED,NOT_CAPTURED_IN_STATUS_AUDIT,NOT_CAPTURED_IN_STATUS_AUDIT,NOT_CHECKED,false,PR05 source status audit only; no GSC or account access. SHA-256 9d68163fe02fa9d630372ec35d69a9a6c1d08df1a40ad4adde3b9cabaa67a027,Public HTTP GET; bounded concurrency=3,2026-09-13T14:48:00.609810+00:00,,,,,,200,External public/http-observations.json sanitized headers,PR05 migration/replacement/preview/probe contract,ACCESS_BLOCKED,UNKNOWN,NOT_COMPLETED,
https://dentix.ua/wp-content/uploads/2021/04/sert8.jpg,200,,UNKNOWN: HTTP/source observation only,NOT_OBSERVED,NOT_OBSERVED,See external public evidence,NOT_CHECKED,NOT_CHECKED,NOT_CAPTURED_IN_STATUS_AUDIT,NOT_CAPTURED_IN_STATUS_AUDIT,NOT_CHECKED,false,PR05 source status audit only; no GSC or account access. SHA-256 fd26aecd044f7bdc95c8f59e06402da758184f6adcbc96f6b1ac7d714bf5d1cb,Public HTTP GET; bounded concurrency=3,2026-09-13T14:48:00.634644+00:00,,,,,,200,External public/http-observations.json sanitized headers,PR05 migration/replacement/preview/probe contract,ACCESS_BLOCKED,UNKNOWN,NOT_COMPLETED,
https://dentix.ua/wp-content/uploads/2021/04/sert7.jpg,200,,UNKNOWN: HTTP/source observation only,NOT_OBSERVED,NOT_OBSERVED,See external public evidence,NOT_CHECKED,NOT_CHECKED,NOT_CAPTURED_IN_STATUS_AUDIT,NOT_CAPTURED_IN_STATUS_AUDIT,NOT_CHECKED,false,PR05 source status audit only; no GSC or account access. SHA-256 303a7c136010e8d6f97c6cd266e5d8e4cd1a32c188415c9cf5b977c1bd214054,Public HTTP GET; bounded concurrency=3,2026-09-13T14:48:00.752344+00:00,,,,,,200,External public/http-observations.json sanitized headers,PR05 migration/replacement/preview/probe contract,ACCESS_BLOCKED,UNKNOWN,NOT_COMPLETED,
https://dentix.ua/wp-content/uploads/2021/04/sert6.jpg,200,,UNKNOWN: HTTP/source observation only,NOT_OBSERVED,NOT_OBSERVED,See external public evidence,NOT_CHECKED,NOT_CHECKED,NOT_CAPTURED_IN_STATUS_AUDIT,NOT_CAPTURED_IN_STATUS_AUDIT,NOT_CHECKED,false,PR05 source status audit only; no GSC or account access. SHA-256 3bc59b019751f80d68509fbb8d2ab6e224a2ae30517efbf99f527b1bed676565,Public HTTP GET; bounded concurrency=3,2026-09-13T14:48:00.787579+00:00,,,,,,200,External public/http-observations.json sanitized headers,PR05 migration/replacement/preview/probe contract,ACCESS_BLOCKED,UNKNOWN,NOT_COMPLETED,
https://dentix.ua/wp-content/uploads/2021/04/sert5.jpg,200,,UNKNOWN: HTTP/source observation only,NOT_OBSERVED,NOT_OBSERVED,See external public evidence,NOT_CHECKED,NOT_CHECKED,NOT_CAPTURED_IN_STATUS_AUDIT,NOT_CAPTURED_IN_STATUS_AUDIT,NOT_CHECKED,false,PR05 source status audit only; no GSC or account access. SHA-256 e6fa22059582f0df7dde3086df24ed2abfe1dfcae61c314fe58f0c30d01934f9,Public HTTP GET; bounded concurrency=3,2026-09-13T14:48:00.837905+00:00,,,,,,200,External public/http-observations.json sanitized headers,PR05 migration/replacement/preview/probe contract,ACCESS_BLOCKED,UNKNOWN,NOT_COMPLETED,
https://dentix.ua/wp-content/uploads/2021/04/sert4.jpg,200,,UNKNOWN: HTTP/source observation only,NOT_OBSERVED,NOT_OBSERVED,See external public evidence,NOT_CHECKED,NOT_CHECKED,NOT_CAPTURED_IN_STATUS_AUDIT,NOT_CAPTURED_IN_STATUS_AUDIT,NOT_CHECKED,false,PR05 source status audit only; no GSC or account access. SHA-256 55f4f4038413527ba6dd1fbe9b4b54b32f2e5001b8f252a6f8d4d2923af9d315,Public HTTP GET; bounded concurrency=3,2026-09-13T14:48:00.945317+00:00,,,,,,200,External public/http-observations.json sanitized headers,PR05 migration/replacement/preview/probe contract,ACCESS_BLOCKED,UNKNOWN,NOT_COMPLETED,
https://dentix.ua/wp-content/uploads/2021/04/sert3.jpg,200,,UNKNOWN: HTTP/source observation only,NOT_OBSERVED,NOT_OBSERVED,See external public evidence,NOT_CHECKED,NOT_CHECKED,NOT_CAPTURED_IN_STATUS_AUDIT,NOT_CAPTURED_IN_STATUS_AUDIT,NOT_CHECKED,false,PR05 source status audit only; no GSC or account access. SHA-256 c4c5b850664258a0de93447b1a3d75a8896e0f027a61cebc31102aa0e723faa9,Public HTTP GET; bounded concurrency=3,2026-09-13T14:48:00.995211+00:00,,,,,,200,External public/http-observations.json sanitized headers,PR05 migration/replacement/preview/probe contract,ACCESS_BLOCKED,UNKNOWN,NOT_COMPLETED,
https://dentix.ua/wp-content/uploads/2021/04/sert2.jpg,200,,UNKNOWN: HTTP/source observation only,NOT_OBSERVED,NOT_OBSERVED,See external public evidence,NOT_CHECKED,NOT_CHECKED,NOT_CAPTURED_IN_STATUS_AUDIT,NOT_CAPTURED_IN_STATUS_AUDIT,NOT_CHECKED,false,PR05 source status audit only; no GSC or account access. SHA-256 0229d2249b37cf8b4c6c8a702422ec6bbad0a7d29a072392b3c473889817a023,Public HTTP GET; bounded concurrency=3,2026-09-13T14:48:01.061331+00:00,,,,,,200,External public/http-observations.json sanitized headers,PR05 migration/replacement/preview/probe contract,ACCESS_BLOCKED,UNKNOWN,NOT_COMPLETED,
https://dentix.ua/wp-content/uploads/2021/04/sert1.jpg,200,,UNKNOWN: HTTP/source observation only,NOT_OBSERVED,NOT_OBSERVED,See external public evidence,NOT_CHECKED,NOT_CHECKED,NOT_CAPTURED_IN_STATUS_AUDIT,NOT_CAPTURED_IN_STATUS_AUDIT,NOT_CHECKED,false,PR05 source status audit only; no GSC or account access. SHA-256 9a0d929a117409bfafde523d32d2815185de29373e1f9c47e58db9793ab32899,Public HTTP GET; bounded concurrency=3,2026-09-13T14:48:01.170636+00:00,,,,,,200,External public/http-observations.json sanitized headers,PR05 migration/replacement/preview/probe contract,ACCESS_BLOCKED,UNKNOWN,NOT_COMPLETED,
https://dentix.ua/wp-content/uploads/2021/04/Logo_ICO_Black_Bolt.png,200,,UNKNOWN: HTTP/source observation only,NOT_OBSERVED,NOT_OBSERVED,See external public evidence,NOT_CHECKED,NOT_CHECKED,NOT_CAPTURED_IN_STATUS_AUDIT,NOT_CAPTURED_IN_STATUS_AUDIT,NOT_CHECKED,false,PR05 source status audit only; no GSC or account access. SHA-256 169f2443912c86f364a2d31a6fbecfbaef6f44284cf46602cc7687978ba8d2e4,Public HTTP GET; bounded concurrency=3,2026-09-13T14:48:01.216075+00:00,,,,,,200,External public/http-observations.json sanitized headers,PR05 migration/replacement/preview/probe contract,ACCESS_BLOCKED,UNKNOWN,NOT_COMPLETED,
https://dentix.ua/wp-content/uploads/2024/03/unnamed.png,200,,UNKNOWN: HTTP/source observation only,NOT_OBSERVED,NOT_OBSERVED,See external public evidence,NOT_CHECKED,NOT_CHECKED,NOT_CAPTURED_IN_STATUS_AUDIT,NOT_CAPTURED_IN_STATUS_AUDIT,NOT_CHECKED,false,PR05 source status audit only; no GSC or account access. SHA-256 0ef71cdf99d04a385b5cfd9962dfd9519a11c44db8592da3ed8e109e6ba0497e,Public HTTP GET; bounded concurrency=3,2026-09-13T14:48:01.262101+00:00,,,,,,200,External public/http-observations.json sanitized headers,PR05 migration/replacement/preview/probe contract,ACCESS_BLOCKED,UNKNOWN,NOT_COMPLETED,
https://dentix.ua/wp-content/uploads/2024/03/krasivaya-ulybka-v-vashikh-rukakh.png,200,,UNKNOWN: HTTP/source observation only,NOT_OBSERVED,NOT_OBSERVED,See external public evidence,NOT_CHECKED,NOT_CHECKED,NOT_CAPTURED_IN_STATUS_AUDIT,NOT_CAPTURED_IN_STATUS_AUDIT,NOT_CHECKED,false,PR05 source status audit only; no GSC or account access. SHA-256 572bf9a4450136881b709ff1ec6e0b03eb0f03118abc4556368983518d55b373,Public HTTP GET; bounded concurrency=3,2026-09-13T14:48:01.303476+00:00,,,,,,200,External public/http-observations.json sanitized headers,PR05 migration/replacement/preview/probe contract,ACCESS_BLOCKED,UNKNOWN,NOT_COMPLETED,
https://dentix.ua/wp-content/uploads/2024/03/0fcfe684754725384c.png,200,,UNKNOWN: HTTP/source observation only,NOT_OBSERVED,NOT_OBSERVED,See external public evidence,NOT_CHECKED,NOT_CHECKED,NOT_CAPTURED_IN_STATUS_AUDIT,NOT_CAPTURED_IN_STATUS_AUDIT,NOT_CHECKED,false,PR05 source status audit only; no GSC or account access. SHA-256 0d3d3db7faf1146603b497debc272c0020a1f0fe9b309b2acf681e009a701a49,Public HTTP GET; bounded concurrency=3,2026-09-13T14:48:01.369535+00:00,,,,,,200,External public/http-observations.json sanitized headers,PR05 migration/replacement/preview/probe contract,ACCESS_BLOCKED,UNKNOWN,NOT_COMPLETED,
https://dentix.ua/wp-content/uploads/2021/04/Logo_cut_black-1024x276.png,200,,UNKNOWN: HTTP/source observation only,NOT_OBSERVED,NOT_OBSERVED,See external public evidence,NOT_CHECKED,NOT_CHECKED,NOT_CAPTURED_IN_STATUS_AUDIT,NOT_CAPTURED_IN_STATUS_AUDIT,NOT_CHECKED,false,PR05 source status audit only; no GSC or account access. SHA-256 28c7b6e9e56f94769aa23d2a43ef889eb01c460aab79af7b43233ffe15fae69f,Public HTTP GET; bounded concurrency=3,2026-09-13T14:48:01.391539+00:00,,,,,,200,External public/http-observations.json sanitized headers,PR05 migration/replacement/preview/probe contract,ACCESS_BLOCKED,UNKNOWN,NOT_COMPLETED,
https://dentix.ua/likari/,404,,UNKNOWN: HTTP/source observation only,max-image-preview:large,NOT_OBSERVED,See external public evidence,NOT_CHECKED,NOT_CHECKED,NOT_CAPTURED_IN_STATUS_AUDIT,NOT_CAPTURED_IN_STATUS_AUDIT,NOT_CHECKED,false,PR05 source status audit only; no GSC or account access. SHA-256 4ec8cf99341ce9d2bf1cdaa2169ae4556d80a50e1829a5f88c1d11b4f8b82668,Public HTTP GET; bounded concurrency=3,2026-09-13T14:48:01.475963+00:00,,,,,,404,External public/http-observations.json sanitized headers,PR05 migration/replacement/preview/probe contract,ACCESS_BLOCKED,UNKNOWN,NOT_COMPLETED,
https://dentix.ua/kontakty/,404,,UNKNOWN: HTTP/source observation only,max-image-preview:large,NOT_OBSERVED,See external public evidence,NOT_CHECKED,NOT_CHECKED,NOT_CAPTURED_IN_STATUS_AUDIT,NOT_CAPTURED_IN_STATUS_AUDIT,NOT_CHECKED,false,PR05 source status audit only; no GSC or account access. SHA-256 4ec8cf99341ce9d2bf1cdaa2169ae4556d80a50e1829a5f88c1d11b4f8b82668,Public HTTP GET; bounded concurrency=3,2026-09-13T14:48:01.499448+00:00,,,,,,404,External public/http-observations.json sanitized headers,PR05 migration/replacement/preview/probe contract,ACCESS_BLOCKED,UNKNOWN,NOT_COMPLETED,
https://dentix.ua/price.html,404,,UNKNOWN: HTTP/source observation only,max-image-preview:large,NOT_OBSERVED,See external public evidence,NOT_CHECKED,NOT_CHECKED,NOT_CAPTURED_IN_STATUS_AUDIT,NOT_CAPTURED_IN_STATUS_AUDIT,NOT_CHECKED,false,PR05 source status audit only; no GSC or account access. SHA-256 4ec8cf99341ce9d2bf1cdaa2169ae4556d80a50e1829a5f88c1d11b4f8b82668,Public HTTP GET; bounded concurrency=3,2026-09-13T14:48:01.536094+00:00,,,,,,404,External public/http-observations.json sanitized headers,PR05 migration/replacement/preview/probe contract,ACCESS_BLOCKED,UNKNOWN,NOT_COMPLETED,
https://dentix.ua/terapevtychna-stomatolohiia/,404,,UNKNOWN: HTTP/source observation only,max-image-preview:large,NOT_OBSERVED,See external public evidence,NOT_CHECKED,NOT_CHECKED,NOT_CAPTURED_IN_STATUS_AUDIT,NOT_CAPTURED_IN_STATUS_AUDIT,NOT_CHECKED,false,PR05 source status audit only; no GSC or account access. SHA-256 4ec8cf99341ce9d2bf1cdaa2169ae4556d80a50e1829a5f88c1d11b4f8b82668,Public HTTP GET; bounded concurrency=3,2026-09-13T14:48:02.704847+00:00,,,,,,404,External public/http-observations.json sanitized headers,PR05 migration/replacement/preview/probe contract,ACCESS_BLOCKED,UNKNOWN,NOT_COMPLETED,
https://dentix.ua/likuvannia-kariiesu/,404,,UNKNOWN: HTTP/source observation only,max-image-preview:large,NOT_OBSERVED,See external public evidence,NOT_CHECKED,NOT_CHECKED,NOT_CAPTURED_IN_STATUS_AUDIT,NOT_CAPTURED_IN_STATUS_AUDIT,NOT_CHECKED,false,PR05 source status audit only; no GSC or account access. SHA-256 4ec8cf99341ce9d2bf1cdaa2169ae4556d80a50e1829a5f88c1d11b4f8b82668,Public HTTP GET; bounded concurrency=3,2026-09-13T14:48:02.824973+00:00,,,,,,404,External public/http-observations.json sanitized headers,PR05 migration/replacement/preview/probe contract,ACCESS_BLOCKED,UNKNOWN,NOT_COMPLETED,
https://dentix.ua/khirurhichna-stomatolohiia/,404,,UNKNOWN: HTTP/source observation only,max-image-preview:large,NOT_OBSERVED,See external public evidence,NOT_CHECKED,NOT_CHECKED,NOT_CAPTURED_IN_STATUS_AUDIT,NOT_CAPTURED_IN_STATUS_AUDIT,NOT_CHECKED,false,PR05 source status audit only; no GSC or account access. SHA-256 4ec8cf99341ce9d2bf1cdaa2169ae4556d80a50e1829a5f88c1d11b4f8b82668,Public HTTP GET; bounded concurrency=3,2026-09-13T14:48:02.844179+00:00,,,,,,404,External public/http-observations.json sanitized headers,PR05 migration/replacement/preview/probe contract,ACCESS_BLOCKED,UNKNOWN,NOT_COMPLETED,
https://dentix.ua/vydalennia-zuba/,404,,UNKNOWN: HTTP/source observation only,max-image-preview:large,NOT_OBSERVED,See external public evidence,NOT_CHECKED,NOT_CHECKED,NOT_CAPTURED_IN_STATUS_AUDIT,NOT_CAPTURED_IN_STATUS_AUDIT,NOT_CHECKED,false,PR05 source status audit only; no GSC or account access. SHA-256 4ec8cf99341ce9d2bf1cdaa2169ae4556d80a50e1829a5f88c1d11b4f8b82668,Public HTTP GET; bounded concurrency=3,2026-09-13T14:48:03.506387+00:00,,,,,,404,External public/http-observations.json sanitized headers,PR05 migration/replacement/preview/probe contract,ACCESS_BLOCKED,UNKNOWN,NOT_COMPLETED,
https://dentix.ua/vydalennia-zuba-mudrosti/,404,,UNKNOWN: HTTP/source observation only,max-image-preview:large,NOT_OBSERVED,See external public evidence,NOT_CHECKED,NOT_CHECKED,NOT_CAPTURED_IN_STATUS_AUDIT,NOT_CAPTURED_IN_STATUS_AUDIT,NOT_CHECKED,false,PR05 source status audit only; no GSC or account access. SHA-256 4ec8cf99341ce9d2bf1cdaa2169ae4556d80a50e1829a5f88c1d11b4f8b82668,Public HTTP GET; bounded concurrency=3,2026-09-13T14:48:03.572888+00:00,,,,,,404,External public/http-observations.json sanitized headers,PR05 migration/replacement/preview/probe contract,ACCESS_BLOCKED,UNKNOWN,NOT_COMPLETED,
http://www.dentix.ua/,301,https://dentix.ua/,UNKNOWN: HTTP/source observation only,max-image-preview:large,https://dentix.ua/,See external public evidence,NOT_CHECKED,NOT_CHECKED,NOT_CAPTURED_IN_STATUS_AUDIT,NOT_CAPTURED_IN_STATUS_AUDIT,NOT_CHECKED,false,PR05 source status audit only; no GSC or account access. SHA-256 102ba53d4631b0873acc7b5f575216c07b3055ab673cc5d201551521098d2e7b,Public HTTP GET; bounded concurrency=3,2026-09-13T14:48:03.649334+00:00,,,,,,200,External public/http-observations.json sanitized headers,PR05 migration/replacement/preview/probe contract,ACCESS_BLOCKED,UNKNOWN,NOT_COMPLETED,
https://www.dentix.ua/implantatsiya/?utm_source=pr05_audit,301,https://dentix.ua/implantatsiya/?utm_source=pr05_audit,UNKNOWN: HTTP/source observation only,max-image-preview:large,https://dentix.ua/implantatsiya/,See external public evidence,NOT_CHECKED,NOT_CHECKED,NOT_CAPTURED_IN_STATUS_AUDIT,NOT_CAPTURED_IN_STATUS_AUDIT,NOT_CHECKED,false,PR05 source status audit only; no GSC or account access. SHA-256 1d816cfbd3d2830838cef9006560841bb1ad25933da1d967c76c025a659c3a36,Public HTTP GET; bounded concurrency=3,2026-09-13T14:48:04.106378+00:00,,,,,,200,External public/http-observations.json sanitized headers,PR05 migration/replacement/preview/probe contract,ACCESS_BLOCKED,UNKNOWN,NOT_COMPLETED,
https://dentix.ua/pr05-not-found-20260913/,404,,UNKNOWN: HTTP/source observation only,max-image-preview:large,NOT_OBSERVED,See external public evidence,NOT_CHECKED,NOT_CHECKED,NOT_CAPTURED_IN_STATUS_AUDIT,NOT_CAPTURED_IN_STATUS_AUDIT,NOT_CHECKED,false,PR05 source status audit only; no GSC or account access. SHA-256 4ec8cf99341ce9d2bf1cdaa2169ae4556d80a50e1829a5f88c1d11b4f8b82668,Public HTTP GET; bounded concurrency=3,2026-09-13T14:48:04.265537+00:00,,,,,,404,External public/http-observations.json sanitized headers,PR05 migration/replacement/preview/probe contract,ACCESS_BLOCKED,UNKNOWN,NOT_COMPLETED,
https://optidigitalagent.github.io/dentix-booking-demo/,200,,false: intentional preview noindex,"noindex,nofollow,noarchive",NOT_OBSERVED,See external public evidence,NOT_CHECKED,NOT_CHECKED,NOT_CAPTURED_IN_STATUS_AUDIT,NOT_CAPTURED_IN_STATUS_AUDIT,NOT_CHECKED,false,PR05 source status audit only; no GSC or account access. SHA-256 ae83c61a3e951c0689517045608427c70260a9ae674154fdf3869a51ac24b196,Public HTTP GET; bounded concurrency=3,2026-09-13T14:48:04.956722+00:00,,,,,,200,External public/http-observations.json sanitized headers,PR05 migration/replacement/preview/probe contract,ACCESS_BLOCKED,UNKNOWN,NOT_COMPLETED,
https://optidigitalagent.github.io/dentix-booking-demo/likari/,200,,false: intentional preview noindex,"noindex,nofollow,noarchive",NOT_OBSERVED,See external public evidence,NOT_CHECKED,NOT_CHECKED,NOT_CAPTURED_IN_STATUS_AUDIT,NOT_CAPTURED_IN_STATUS_AUDIT,NOT_CHECKED,false,PR05 source status audit only; no GSC or account access. SHA-256 295c814cf7de9b1307c13ef264802abcf9d71a733efd27ac7b9fe3352d89dd17,Public HTTP GET; bounded concurrency=3,2026-09-13T14:48:05.266132+00:00,,,,,,200,External public/http-observations.json sanitized headers,PR05 migration/replacement/preview/probe contract,ACCESS_BLOCKED,UNKNOWN,NOT_COMPLETED,
https://optidigitalagent.github.io/dentix-booking-demo/kontakty/,200,,false: intentional preview noindex,"noindex,nofollow,noarchive",NOT_OBSERVED,See external public evidence,NOT_CHECKED,NOT_CHECKED,NOT_CAPTURED_IN_STATUS_AUDIT,NOT_CAPTURED_IN_STATUS_AUDIT,NOT_CHECKED,false,PR05 source status audit only; no GSC or account access. SHA-256 de0c3c2b781df6d1b18a27fbb3ee5a1f3299a088e79d59cb07c41bd61b093ac7,Public HTTP GET; bounded concurrency=3,2026-09-13T14:48:05.304098+00:00,,,,,,200,External public/http-observations.json sanitized headers,PR05 migration/replacement/preview/probe contract,ACCESS_BLOCKED,UNKNOWN,NOT_COMPLETED,
https://optidigitalagent.github.io/dentix-booking-demo/price.html,200,,false: intentional preview noindex,"noindex,nofollow,noarchive",NOT_OBSERVED,See external public evidence,NOT_CHECKED,NOT_CHECKED,NOT_CAPTURED_IN_STATUS_AUDIT,NOT_CAPTURED_IN_STATUS_AUDIT,NOT_CHECKED,false,PR05 source status audit only; no GSC or account access. SHA-256 4f19e306c84a80c5a0d847bdd83c2d753ba882c4ba1b8de328e16b450fde2c22,Public HTTP GET; bounded concurrency=3,2026-09-13T14:48:05.555854+00:00,,,,,,200,External public/http-observations.json sanitized headers,PR05 migration/replacement/preview/probe contract,ACCESS_BLOCKED,UNKNOWN,NOT_COMPLETED,
https://optidigitalagent.github.io/dentix-booking-demo/terapevtychna-stomatolohiia/,200,,false: intentional preview noindex,"noindex,nofollow,noarchive",NOT_OBSERVED,See external public evidence,NOT_CHECKED,NOT_CHECKED,NOT_CAPTURED_IN_STATUS_AUDIT,NOT_CAPTURED_IN_STATUS_AUDIT,NOT_CHECKED,false,PR05 source status audit only; no GSC or account access. SHA-256 5c8f2398e92c011fa1736c6f9cd3df40eda234337951ca02e8fcd275dd026977,Public HTTP GET; bounded concurrency=3,2026-09-13T14:48:05.566137+00:00,,,,,,200,External public/http-observations.json sanitized headers,PR05 migration/replacement/preview/probe contract,ACCESS_BLOCKED,UNKNOWN,NOT_COMPLETED,
https://optidigitalagent.github.io/dentix-booking-demo/likuvannia-kariiesu/,200,,false: intentional preview noindex,"noindex,nofollow,noarchive",NOT_OBSERVED,See external public evidence,NOT_CHECKED,NOT_CHECKED,NOT_CAPTURED_IN_STATUS_AUDIT,NOT_CAPTURED_IN_STATUS_AUDIT,NOT_CHECKED,false,PR05 source status audit only; no GSC or account access. SHA-256 15eb543d718f5f8fd4e15af8ce0ee7a49e34c9047283a0ed96b90659100e4e53,Public HTTP GET; bounded concurrency=3,2026-09-13T14:48:05.818196+00:00,,,,,,200,External public/http-observations.json sanitized headers,PR05 migration/replacement/preview/probe contract,ACCESS_BLOCKED,UNKNOWN,NOT_COMPLETED,
https://optidigitalagent.github.io/dentix-booking-demo/lechenie-pod-mikroskopom/,200,,false: intentional preview noindex,"noindex,nofollow,noarchive",NOT_OBSERVED,See external public evidence,NOT_CHECKED,NOT_CHECKED,NOT_CAPTURED_IN_STATUS_AUDIT,NOT_CAPTURED_IN_STATUS_AUDIT,NOT_CHECKED,false,PR05 source status audit only; no GSC or account access. SHA-256 0d7dc406fa1626bf9b1ce3a5b15be4ca56ae05600501534dd30c044f10afad9c,Public HTTP GET; bounded concurrency=3,2026-09-13T14:48:05.993627+00:00,,,,,,200,External public/http-observations.json sanitized headers,PR05 migration/replacement/preview/probe contract,ACCESS_BLOCKED,UNKNOWN,NOT_COMPLETED,
https://optidigitalagent.github.io/dentix-booking-demo/khirurhichna-stomatolohiia/,200,,false: intentional preview noindex,"noindex,nofollow,noarchive",NOT_OBSERVED,See external public evidence,NOT_CHECKED,NOT_CHECKED,NOT_CAPTURED_IN_STATUS_AUDIT,NOT_CAPTURED_IN_STATUS_AUDIT,NOT_CHECKED,false,PR05 source status audit only; no GSC or account access. SHA-256 893239f93ea780cdfd34bfac93a94933f066638da983959831ddc8eb5d6848a5,Public HTTP GET; bounded concurrency=3,2026-09-13T14:48:06.043614+00:00,,,,,,200,External public/http-observations.json sanitized headers,PR05 migration/replacement/preview/probe contract,ACCESS_BLOCKED,UNKNOWN,NOT_COMPLETED,
https://optidigitalagent.github.io/dentix-booking-demo/vydalennia-zuba/,200,,false: intentional preview noindex,"noindex,nofollow,noarchive",NOT_OBSERVED,See external public evidence,NOT_CHECKED,NOT_CHECKED,NOT_CAPTURED_IN_STATUS_AUDIT,NOT_CAPTURED_IN_STATUS_AUDIT,NOT_CHECKED,false,PR05 source status audit only; no GSC or account access. SHA-256 18ea6be14af35927d524c50abab57b7e3217238d38c67619bad82b5896a05ce0,Public HTTP GET; bounded concurrency=3,2026-09-13T14:48:06.095363+00:00,,,,,,200,External public/http-observations.json sanitized headers,PR05 migration/replacement/preview/probe contract,ACCESS_BLOCKED,UNKNOWN,NOT_COMPLETED,
https://optidigitalagent.github.io/dentix-booking-demo/vydalennia-zuba-mudrosti/,200,,false: intentional preview noindex,"noindex,nofollow,noarchive",NOT_OBSERVED,See external public evidence,NOT_CHECKED,NOT_CHECKED,NOT_CAPTURED_IN_STATUS_AUDIT,NOT_CAPTURED_IN_STATUS_AUDIT,NOT_CHECKED,false,PR05 source status audit only; no GSC or account access. SHA-256 693e1322666d8bd875dcc5681c4f40c35b6e3c6a59c5790c38ea33f259487701,Public HTTP GET; bounded concurrency=3,2026-09-13T14:48:06.256362+00:00,,,,,,200,External public/http-observations.json sanitized headers,PR05 migration/replacement/preview/probe contract,ACCESS_BLOCKED,UNKNOWN,NOT_COMPLETED,
https://optidigitalagent.github.io/dentix-booking-demo/implantatsiya/,200,,false: intentional preview noindex,"noindex,nofollow,noarchive",NOT_OBSERVED,See external public evidence,NOT_CHECKED,NOT_CHECKED,NOT_CAPTURED_IN_STATUS_AUDIT,NOT_CAPTURED_IN_STATUS_AUDIT,NOT_CHECKED,false,PR05 source status audit only; no GSC or account access. SHA-256 3f33c77aea2652ae6817f9aec71f25693c90e80f810c353c002cdda37b976f1d,Public HTTP GET; bounded concurrency=3,2026-09-13T14:48:06.328605+00:00,,,,,,200,External public/http-observations.json sanitized headers,PR05 migration/replacement/preview/probe contract,ACCESS_BLOCKED,UNKNOWN,NOT_COMPLETED,
https://optidigitalagent.github.io/dentix-booking-demo/protezirovanie/,200,,false: intentional preview noindex,"noindex,nofollow,noarchive",NOT_OBSERVED,See external public evidence,NOT_CHECKED,NOT_CHECKED,NOT_CAPTURED_IN_STATUS_AUDIT,NOT_CAPTURED_IN_STATUS_AUDIT,NOT_CHECKED,false,PR05 source status audit only; no GSC or account access. SHA-256 891525cd7a44b55e74601e8f34cee3a416b18763b3c4f298f3341070f64d0927,Public HTTP GET; bounded concurrency=3,2026-09-13T14:48:06.342342+00:00,,,,,,200,External public/http-observations.json sanitized headers,PR05 migration/replacement/preview/probe contract,ACCESS_BLOCKED,UNKNOWN,NOT_COMPLETED,
